countyFIPS,age_over_65,black,hispanic,white_not_hispanic
1001,12,17.7,2.4,77.2
1003,16.8,9.4,4.4,83.5
1005,14.2,46.9,5.1,46.8
1007,12.7,22,1.8,75
1009,14.7,1.3,8.1,88.9
1011,13.5,70.2,7.1,21.9
1013,16.7,43.4,0.9,54.1
1015,14.3,20.6,3.3,73.6
1017,16.7,38.7,1.6,58.1
1019,17.9,4.6,1.2,92.1
1021,13.6,9.7,7.8,81.1
1023,18.2,43.4,0.5,55.6
1025,16.2,43.9,1,54
1027,17.6,14.8,2.9,80.3
1029,15.8,3.3,2.1,93.2
1031,14.4,16.7,6.4,72.3
1033,17.4,16.1,2,79.6
1035,17.9,46.5,1.2,51.1
1037,17.1,31,2,65.9
1039,18.4,12.5,1.3,84.1
1041,15.9,23.4,1.5,72.1
1043,15.9,1.1,4.3,92.7
1045,13.5,19.3,5.6,71.1
1047,14.1,69.4,0.7,28.9
1049,13.9,1.5,13.6,81.6
1051,11.9,20,2.7,75
1053,15.2,31.9,1.9,61.3
1055,15.8,15.1,3.3,79.3
1057,17.9,11.4,1.2,86
1059,15.2,3.9,14.9,79.6
1061,17.4,9.5,3.4,84.7
1063,16.1,81.5,0.8,17.3
1065,15,59,0.9,39.4
1067,17.6,28.6,2.2,67.8
1069,14.5,25.8,2.9,68.7
1071,16.5,3.3,2.5,90.1
1073,13.1,42,3.9,51.7
1075,18.8,11.3,1.2,86.1
1077,16.8,10,2.2,85.5
1079,14.6,11.5,1.7,76.9
1081,9.1,22.7,3.3,69.8
1083,12.3,12.6,5.5,78.7
1085,14.6,73.5,0.8,25.1
1087,14.1,82.6,1.1,15.2
1089,12.2,24,4.6,66.1
1091,16.3,51.7,1.7,45.7
1093,18.3,3.8,2.1,92.6
1095,14.9,1.6,12.1,83.9
1097,12.9,34.6,2.4,59.1
1099,15.7,41.7,1,54.7
1101,12,54.7,3.6,38.4
1103,14.1,11.9,7.7,77.5
1105,16.7,68.7,1.1,29.7
1107,16.9,41.6,1.6,55.8
1109,12.8,36.6,2.2,57.4
1111,17,20.1,2.8,75.4
1113,12.7,41.8,3.7,52.1
1115,13.1,8.6,2.1,87.3
1117,10.6,10.6,5.9,80.2
1119,15,75,0.6,24
1121,14.1,31.7,2,64.5
1123,17.3,26.6,2.5,69.3
1125,10.8,29.6,3.1,65
1127,16.3,5.9,2,90.4
1129,14.7,24.9,0.9,65.2
1131,15,72.5,0.6,26.6
1133,17.7,0.5,2.6,94.9
2013,4.9,7,12.3,13.5
2016,3.5,6,13.1,31.4
2020,7.2,5.6,7.6,62.6
2050,6.1,0.4,1.1,10.9
2060,8.3,0,2.4,47.7
2068,7.5,0.5,2.3,88.4
2070,7.6,0.2,2.1,17.6
2090,6.5,4.5,5.8,74.1
2100,13.8,0.4,1.9,82.2
2105,13.4,0.4,3.6,46.2
2110,8.4,0.9,5.1,67.4
2122,11.3,0.5,3,82.8
2130,10.1,0.6,4,66.2
2150,6.7,0.7,7.3,52.5
2170,7.9,1,3.7,82.8
2180,6.4,0.3,1.2,15.9
2185,4.3,1,2.6,32.4
2188,6,0.5,0.8,11
2195,11.5,0.4,3.4,69.4
2198,10.1,0.3,2.3,49.6
2220,11.4,0.5,4.9,63.5
2240,9.4,1.1,3.3,78.7
2261,8.3,0.5,3.6,72.1
2270,5.4,0,0.1,2.7
2290,10.2,0.2,1.2,21.8
4001,11.6,0.2,5.8,20.4
4003,17.3,4.2,32.4,58.5
4005,8.9,1.2,13.5,55.2
4007,23.2,0.4,17.9,65.9
4009,11.4,1.8,30.4,52.3
4011,12,1.1,47.9,48.1
4012,32.6,0.6,23.5,62.7
4013,12.1,5,29.6,58.7
4015,23.3,0.9,14.8,79.6
4017,13.3,0.9,10.8,43.9
4019,15.4,3.5,34.6,55.3
4021,13.9,4.6,28.5,58.7
4023,13.1,0.4,82.8,16
4025,24.1,0.6,13.6,82
4027,15.7,2,59.7,35.3
5001,16.4,24.5,2.7,71
5003,16.2,25.8,4.9,68.2
5005,28.1,0.2,1.7,96
5007,12.2,1.3,15.5,76.6
5009,18.1,0.2,1.8,95.2
5011,17.7,27.6,13.2,58
5013,17.2,22.2,2.8,73.4
5015,18.7,0.4,12.7,84
5017,18.2,54.1,4.6,40.3
5019,14.8,23.5,4,70.4
5021,20,0.3,1.3,96.9
5023,23.6,0.3,2,95.9
5025,16.3,12.2,1.7,85.1
5027,16,36.9,2.2,59.2
5029,16.9,11.2,3.6,82.4
5031,12.2,13.1,4.4,79.6
5033,13.3,1.2,6.1,86.8
5035,10.8,51.2,2,45.2
5037,15.4,22.2,1.5,74.7
5039,18.2,41.9,2.3,54.1
5041,15.1,47.8,4.4,46.8
5043,14.8,27.8,2.5,68
5045,10,10.2,3.9,82.4
5047,16.6,0.7,2,93.8
5049,22.4,0.3,0.8,96.4
5051,20.9,7.9,4.8,84
5053,14.5,2.2,2.2,94.1
5055,14.3,0.6,2.1,95.4
5057,15,29.4,12,56.5
5059,15.7,10.8,2.8,84.1
5061,15.3,20.6,9.8,67.4
5063,15.6,2,5.8,89.8
5065,23.6,1.3,1.5,95
5067,15.9,16.7,2.4,78.8
5069,13.2,55.1,1.6,41.4
5071,14.7,1.4,12.1,83.5
5073,19.4,37.2,1.7,59.9
5075,18.1,0.8,0.9,96.7
5077,15.4,55.3,1.6,41.4
5079,12.4,29.9,3.2,65.8
5081,17.1,19.1,2.7,74.6
5083,17.2,1.3,2.3,92.2
5085,11.2,6,3.3,87.9
5087,15.6,0.2,4.8,91.9
5089,23.8,0.2,1.7,95.9
5091,13.8,24.5,2.4,70.6
5093,12.2,34,3.6,60.5
5095,18.9,40.9,1.6,55.8
5097,22.4,0.2,3.8,92.8
5099,17.7,30.7,2.4,65.1
5101,20.4,0.1,1.7,94.8
5103,17,40.1,1.6,56.3
5105,16.7,1.9,2.4,93.6
5107,15,63.1,1.3,34.6
5109,17.4,2.9,6.4,88.2
5111,15.9,7.2,2.2,89
5113,19.5,0.3,5.8,89.8
5115,13.1,2.9,6.7,86.9
5117,19.7,12.2,0.9,85.7
5119,12,35,5.8,55.3
5121,18.7,0.7,1.6,95.9
5123,12.2,51.9,4.1,42.4
5125,14.8,4.7,3.8,89
5127,17,0.5,7,85.3
5129,21.3,0.1,1.5,95.2
5131,13.1,6.4,12.3,72.8
5133,12.6,4.3,30.6,61.1
5135,23.9,0.5,1.7,95
5137,22.8,0.1,1.3,96.1
5139,15.6,33,3.5,61.8
5141,22.7,0.4,2.7,94.1
5143,9.7,3,15.5,74.1
5145,14.1,4,3.7,89.6
5147,17.8,27.5,1.2,69.4
5149,15.4,1.4,19.1,76.7
6001,11.1,12.6,22.5,34.1
6005,20.6,2.5,12.5,79.6
6007,15.4,1.6,14.1,75.2
6009,21,0.8,10.3,83.5
6011,11.6,0.9,55.1,39.8
6013,12.4,9.3,24.4,47.8
6015,13.5,3.5,17.8,64.7
6017,14.6,0.8,12.1,79.9
6019,10,5.3,50.3,32.7
6021,13.3,0.8,37.5,55.9
6023,13.2,1.1,9.8,77.2
6025,10.4,3.3,80.4,13.7
6027,19.1,0.6,19.4,66.3
6029,9,5.8,49.2,38.6
6031,7.9,7.2,50.9,35.2
6033,17.7,1.9,17.1,74.1
6035,10,8.1,17.5,66.7
6037,10.9,8.7,47.7,27.8
6039,11.4,3.7,53.7,38
6041,16.7,2.8,15.5,72.8
6043,20.9,0.8,9.2,83.2
6045,15.4,0.7,22.2,68.6
6047,9.4,3.9,54.9,31.9
6049,19.7,0.8,13.9,79
6051,9.7,0.3,26.5,68.2
6053,10.7,3.1,55.4,32.9
6055,15.1,2,32.2,56.4
6057,19.4,0.4,8.5,86.5
6059,11.6,1.7,33.7,44.1
6061,15.4,1.4,12.8,76.1
6063,20.8,1,8,85
6065,11.8,6.4,45.5,39.7
6067,11.2,10.4,21.6,48.4
6069,9.7,0.9,56.4,38.3
6071,8.9,8.9,49.2,33.3
6073,11.4,5.1,32,48.5
6075,13.6,6.1,15.1,41.9
6077,10.4,7.6,38.9,35.9
6079,15.2,2.1,20.8,71.1
6081,13.4,2.8,25.4,42.3
6083,12.8,2,42.9,47.9
6085,11.1,2.6,26.9,35.2
6087,11.1,1.1,32,59.6
6089,16.9,0.9,8.4,82.4
6093,19.6,1.3,10.3,79.5
6095,11.3,14.7,24,40.8
6097,13.9,1.6,24.9,66.1
6099,10.7,2.9,41.9,46.7
6101,12.7,2,28.8,50.4
6103,15.9,0.6,21.9,71.9
6105,20.1,0.4,7,83.5
6107,9.4,1.6,60.6,32.6
6109,20.4,2.1,10.7,81.9
6111,11.7,1.8,40.3,48.7
6113,9.8,2.6,30.3,49.9
6115,10.1,3.3,25,58.8
8001,8.3,3.1,38,53.2
8003,11.3,1.1,46,49.6
8005,10.1,10.2,18.4,63.2
8007,17.5,0.3,17.8,78.2
8009,24,0.6,9.2,87.7
8011,13.7,7.6,30.5,59
8013,10,0.9,13.3,79.4
8015,19.8,1.5,9.4,86.6
8017,17.9,0.4,9.7,88.1
8019,12.5,0.6,4.7,92.1
8021,15.2,0.3,56,41.8
8023,22.9,0.7,66,30.8
8025,10.5,9.6,29,57.9
8027,22.4,1,4.7,92
8029,20.2,0.5,14,83
8031,10.4,10.2,31.8,52.2
8033,18.8,0.2,4,90.9
8035,7.1,1.2,7.5,85.2
8037,5.6,0.7,30.1,67.3
8039,9.5,0.7,5.3,91
8041,10,6.2,15.1,72
8043,17.6,3.9,12.3,80.4
8045,8.4,0.7,28.3,68.8
8047,9.4,0.5,4.9,90.9
8049,10.2,0.4,7.5,89.7
8051,8.8,0.3,8.2,89.1
8053,17.4,0.4,2.8,93.2
8055,25.2,0.5,35.3,61.9
8057,18.4,0,10.8,87.4
8059,12.6,1.1,14.3,79.9
8061,21.5,0.3,5.6,93.3
8063,16,2.7,19,76.4
8065,8.9,0.4,39.1,58.2
8067,11.6,0.4,11.8,80.3
8069,11.9,0.8,10.6,84.5
8071,17.7,1.4,41.6,54.2
8073,16.8,5.3,12.5,79.5
8075,14.6,4,15.6,78.2
8077,14.9,0.6,13.3,83.1
8079,23,0.3,2.9,95.2
8081,10.5,0.3,14.4,82.7
8083,16.7,0.2,11,75.1
8085,17.8,0.4,19.7,77.5
8087,14.1,2.9,33.8,61.7
8089,18.4,0.8,40.3,56.5
8091,17.5,0.2,4.4,93.4
8093,11.6,0.4,4.8,91.6
8095,20.7,0.4,18.7,79.4
8097,11.5,0.5,9.1,87.9
8099,14.6,0.5,35.2,62.7
8101,15.3,2,41.4,54.1
8103,12.4,0.8,10,86.3
8105,16.2,0.4,42.4,55.1
8107,8.1,0.4,6.8,90.6
8109,14.6,0.2,40.1,56.4
8111,12.3,0,12,85.1
8113,7,0.4,8.6,88.5
8115,23.9,0.3,12.1,85.6
8117,7.7,0.8,14.2,82.7
8119,12.9,0.5,5.5,90.6
8123,9.6,1,28.4,67.6
8125,16.2,0.2,20.8,77.9
9001,13.5,10.8,16.9,66.2
9003,14.6,13.3,15.3,66.1
9005,16,1.3,4.5,91.3
9007,15.5,4.7,4.7,86.4
9009,14.4,12.7,15,67.5
9011,14.2,5.8,8.5,78.3
9013,11.9,3.3,4.3,87.5
9015,12.8,2.2,9.6,85.4
10001,13.5,24,5.8,65.2
10003,12.3,23.7,8.7,61.6
10005,20.8,12.7,8.6,75.6
11001,11.4,50.7,9.1,34.8
12001,10.8,20.3,8.4,63.7
12003,10.9,13.6,1.9,82.4
12005,14.5,10.8,4.8,79.2
12007,14.4,20.4,3.6,73.9
12009,20.4,10.1,8.1,77.6
12011,14.3,26.7,25.1,43.5
12013,15.4,13.8,5.2,77.7
12015,34.1,5.7,5.8,86
12017,31.9,2.8,4.7,89.6
12019,11.7,9.9,7.7,77.2
12021,26.4,6.6,25.9,65.7
12023,15.4,17.5,4.9,74.7
12027,17.9,12.7,29.9,56.1
12029,19.3,8.4,3.1,86.6
12031,11.1,29.5,7.6,56.6
12033,14.4,22.9,4.7,66.2
12035,24.5,11.4,8.6,76.1
12037,17.4,13.8,4.6,79.6
12039,13.6,56,9.5,33.1
12041,16.9,5.3,5,87.9
12043,21.5,12.3,21.1,61.7
12045,16.3,18.7,4.3,74.9
12047,13.1,34.5,8.8,54.9
12049,12.9,7,42.9,48
12051,11.5,13.4,49.2,34.9
12053,25.8,5.1,10.3,82.1
12055,32.2,9.4,17.4,70.7
12057,11.8,16.7,24.9,53.7
12059,17.2,5.8,2.2,88.9
12061,27.2,9,11.2,77.4
12063,15.7,26.6,4.3,66.6
12065,16.5,36.2,3.7,58.7
12067,12.2,15.9,12.1,70.6
12069,24.2,9.8,12.1,74.5
12071,23.5,8.3,18.3,71
12073,9.4,30.3,5.6,59.3
12075,19.4,9.4,7.5,80.8
12077,10.6,17.9,6.2,73.6
12079,15.8,38.8,4.7,55
12081,23.3,8.7,14.9,73.4
12083,25.8,12.3,10.9,74
12085,27.3,5.4,12.2,80.3
12086,14.1,18.9,65,15.4
12087,17.1,5.7,20.6,71.3
12089,16.2,6.4,3.2,87.9
12091,13.9,9.3,6.8,77.1
12093,17,8,23.9,65.7
12095,9.7,20.8,26.9,46
12097,11,11.3,45.5,40.3
12099,21.6,17.3,19,60.1
12101,20.7,4.5,11.7,80.1
12103,21.2,10.3,8,76.9
12105,18,14.8,17.7,64.6
12107,18.9,16.2,9,72.6
12109,15.7,5.6,5.2,85.3
12111,19.9,19.1,16.6,61.2
12113,12.9,5.4,4.3,85
12115,31.2,4.7,7.9,84.9
12117,12,11.1,17.1,66.3
12119,43.4,9.7,6,82.8
12121,18.9,11.4,8.7,77.7
12123,15.6,20.7,3.4,73
12125,10,22.2,4.8,71.6
12127,21.1,10.5,11.2,75.4
12129,10.8,14.5,3.3,79.5
12131,16.2,5.8,5.3,85.1
12133,15.4,15,2.9,78.5
13001,13.5,18.6,9.3,70.5
13003,10.6,17.3,24.3,57
13005,13.3,15.4,7.1,76
13007,15.4,46.7,4.2,47.6
13009,12,41.5,2,54
13011,12.5,2.3,5.7,89.8
13013,9.3,11.4,8.7,74.6
13015,10.6,10.2,7.7,79.7
13017,14,34.6,5.8,57.6
13019,13.8,10.7,4.6,83.2
13021,12.7,52.1,2.8,42.1
13023,15.1,27.3,2.3,68.9
13025,12.3,2.9,1.9,93.4
13027,15.8,35.3,5.3,58
13029,9,14.2,4.4,77.6
13031,9.1,27.6,3.5,65.9
13033,11.9,49.5,2.6,46.5
13035,12.6,27.3,2.5,68.5
13037,11.9,61.3,3.9,33.6
13039,9,19.4,5.1,71.2
13043,14.4,24.4,11.2,63.2
13045,11,18.2,6.2,72.9
13047,13.5,2.2,2.3,92.5
13049,12.7,28.5,2.5,66.7
13051,12.4,40.1,5.4,50.4
13053,3.7,18.8,12.4,62.9
13055,14.6,11.1,4,83
13057,9.2,5.7,9.6,81.3
13059,8.5,26.6,10.4,57.1
13061,19.6,60.4,0.8,37.3
13063,6.6,66.1,13.7,14.1
13065,12.8,27.7,3.5,66.7
13067,8.7,25,12.3,56.3
13069,11.1,26.6,10.3,61.2
13071,12.9,22.4,17.1,58.8
13073,10.2,14.9,5,73.8
13075,13.5,27.3,5.9,64.9
13077,10.4,17.3,6.7,72.7
13079,13.2,22.3,2.4,73.5
13081,14,43,3.2,52.1
13083,14.4,0.9,1.8,95
13085,14,0.5,4.1,93.4
13087,13.9,41.1,5,52.5
13089,9,54.3,9.8,29.4
13091,13.8,29.8,3.4,65.5
13093,13.8,49.9,5.8,43.3
13095,12.1,67.1,2.2,28.9
13097,8.5,39.5,8.4,49
13099,16.3,49.6,1.6,47.7
13103,9.1,13.5,2.9,81
13105,16.8,29.5,4.8,64.2
13107,14,33.5,4.1,60.8
13109,13.7,29.1,13.1,56.6
13111,21.9,0.4,1.8,96.1
13113,12.7,20.1,6.3,67.8
13115,14.2,14.2,9.3,73.7
13117,8.9,2.6,9.4,80.3
13119,16.9,8.4,3.9,85.6
13121,9.1,44.1,7.9,40.8
13123,17.7,0.5,9.5,88.6
13125,15.1,8.2,1.1,89.2
13127,15,26,6.4,64.8
13129,11.6,3.6,14,79.9
13131,14.1,28.7,10,59.5
13133,21,38.2,5.6,54.8
13135,6.8,23.6,20.1,44
13137,15.3,3.4,12.4,80.4
13139,11.1,7.4,26.1,63.6
13141,15.6,74.1,1.5,23.5
13143,14,4.7,1.1,92.1
13145,13.2,17.2,2.7,77.6
13147,18,18.7,3.1,76.2
13149,13.2,9.8,1.9,86.1
13151,8.4,36.9,5.8,52.5
13153,10.4,28.6,6.1,60.5
13155,15.6,25.9,2.4,70.4
13157,11.9,6.8,6.2,83.8
13159,12.7,21.8,3.7,72.6
13161,12.4,14.8,10.5,73.4
13163,14.8,54.4,3.1,41.4
13165,15.1,40.5,4,54.1
13167,13.9,35,1.9,62.3
13169,12.5,24.4,1.1,72.7
13171,13.6,30.8,1.9,65.2
13175,14.2,35.8,2.4,59.7
13177,8.3,18.6,2,75.8
13179,6.3,42.2,9.7,42.7
13181,17.5,32.1,1.2,65
13183,7.3,25.2,12.3,58.7
13185,9.8,35.8,4.8,56.1
13187,12.7,1.1,4.5,91.8
13189,13.6,39.8,2.2,56.3
13191,17.3,35.9,1.6,60.8
13193,12.4,60.6,3.6,33.7
13195,13.3,8.4,4.1,85.7
13197,13.9,32.7,6.5,58.3
13199,15.8,39.1,1.6,57.3
13201,18.3,28.1,1.5,69.2
13205,13.1,47.7,4.4,46.4
13207,13.9,23.7,2,72.3
13209,12.9,26.3,5.3,67.3
13211,15.5,23.6,2.8,71.7
13213,10.8,0.6,13,85
13215,11.6,45.5,6.4,43.7
13217,9.8,40.9,4.6,52
13219,10.9,5,4.4,86.3
13221,14.2,17.2,3.7,76.7
13223,7.2,17.1,5.1,75
13225,11.4,45.9,6.8,45.1
13227,16.3,1.1,2.8,94.5
13229,14,8.9,4.7,84.6
13231,12.3,10.3,1.1,86.8
13233,13.3,12.5,11.8,73.5
13235,15.7,31.8,3.9,62.4
13237,18.1,26,6.3,66.1
13239,22,47.9,1.4,50.3
13241,21.3,1,8,88.9
13243,17.8,61.8,1.5,36
13245,11.3,54.2,4.1,38
13247,10.6,46.4,9.5,40.9
13249,13.1,23.3,3.2,72.1
13251,14.9,43.3,1.2,54.1
13253,19,33.4,2.3,63.2
13255,13.3,32.8,3.8,60.8
13257,16.6,10.9,2.4,84.1
13259,14.2,47.3,24,27.3
13261,12.6,51.8,5.2,40.9
13263,16.3,59.2,1.3,38.4
13265,20.5,59.6,2,36.4
13267,11.6,29.3,9.8,59.5
13269,14.9,39.3,1.8,57.5
13271,13.6,36.5,12.3,51.1
13273,14.9,61.2,1.7,36.1
13275,15.1,36.9,2.9,58.3
13277,12.8,29,10.1,58.7
13279,13.7,24.9,11.2,62
13281,29.2,0.4,2,96.5
13283,13.7,32.6,1.5,64.9
13285,12.4,33.4,3.2,60.3
13287,15.7,41.6,3.2,54
13289,16.2,41.3,1.4,56.1
13291,26.6,0.5,2.4,95.3
13293,15.7,28,2.2,68.2
13295,15,4.1,1.6,92.1
13297,12,15.6,3.2,78.4
13299,15.2,29.5,3.3,64.9
13301,17.9,61.7,0.9,36.6
13303,13.6,52.7,1.9,44.1
13305,12.8,19.9,5.7,72.3
13307,15,42.3,3.5,53.3
13309,11.9,35.2,4.8,59.4
13311,17.5,1.7,2.4,93.8
13313,11.2,3.7,31.6,62.2
13315,14.3,35.1,3.7,59.9
13317,18.6,42.8,3.4,51.9
13319,15.7,38.4,2.2,57.8
13321,14.5,27.6,1.5,69.4
15001,14.5,0.6,11.6,31.2
15003,14.5,2,8.1,19.1
15005,28.9,0,1.1,26.7
15007,14.9,0.4,9.4,30.7
15009,12.8,0.6,10.1,31.8
16001,10.5,1.1,7.1,86.5
16003,20.8,0.1,2.4,94.8
16005,11.2,0.8,6.7,86.4
16007,18.4,0.1,3.6,94.7
16009,18.3,0.3,2.5,85.3
16011,11.4,0.2,17.2,74.9
16013,11.6,0.2,20,78
16015,15.9,0.2,3.5,93.2
16017,17.1,0.1,2.2,94.4
16019,10.9,0.6,11.4,85.3
16021,16.7,0.3,3.7,92.1
16023,17.5,0.2,4.1,93.8
16027,10.8,0.6,23.9,72.3
16029,15.8,0.1,4.8,93.1
16031,12.9,0.3,24.9,72.9
16035,22.4,0.2,3.1,92
16037,18.7,0.2,4,94
16039,10,2.7,15.2,75.1
16041,12.8,0.2,6.6,91.8
16043,13.9,0.3,12.8,85.1
16045,18.6,0.1,8,89.1
16047,15.1,0.2,28.1,69.6
16049,21.2,0.3,2.6,92.4
16051,9.6,0.2,10.1,87.7
16053,11.2,0.3,31,66.9
16055,14.5,0.3,3.8,92
16057,10.4,0.8,3.6,90.6
16059,22.2,0.2,2.3,95
16061,21.8,0.4,3.3,88.9
16063,11,0.4,28.3,69.3
16065,5.6,0.5,5.9,91.2
16067,14.8,0.4,32.4,65.2
16069,18,0.3,2.8,88.7
16071,16.7,0.2,2.9,95
16073,14,0.2,25.8,68.3
16075,15.3,0.2,14.9,81.3
16077,12.1,0.3,29.8,66.1
16079,19.9,0.2,3,93.5
16081,6.5,0.2,16.9,81.5
16083,13.9,0.4,13.7,82.7
16085,16.8,0.1,3.9,94.1
16087,20.5,0.2,16.8,80.1
17001,17.5,3.5,1.2,93
17003,17,35.4,1.9,60.5
17005,15,6.1,3.1,88.9
17007,11.7,2,20.2,75.2
17009,12.4,18.5,5.8,74.8
17011,18.1,0.6,7.7,90
17013,20.1,0.1,0.8,98.3
17015,21.2,0.8,2.8,94.9
17017,15.7,3.1,16.8,79.4
17019,10,12.4,5.3,70.9
17021,17.5,1.4,1.4,95.8
17023,18,0.3,1.1,97.5
17025,17.9,0.3,1.1,97.2
17027,14.5,3.5,2.8,92.1
17029,13.8,3.8,2.1,91.6
17031,11.9,24.8,24,43.9
17033,16.8,4.7,1.8,91.9
17035,16.6,0.3,0.7,97.9
17037,9.8,6.4,10.1,79.7
17039,16.7,0.5,2.1,95.7
17041,15.8,0.3,6.1,92.2
17043,11.6,4.6,13.3,70.5
17045,18.7,0.3,1,97.7
17047,17.7,0.4,0.9,97.5
17049,15.2,0.2,1.7,96.8
17051,16.2,4.4,1.4,93
17053,18.7,0.6,2.1,96
17055,18.4,0.3,1.2,96.9
17057,18.1,3.4,2.4,92.8
17059,20.5,0.2,1.2,97.1
17061,17.2,0.9,0.8,97.3
17063,11.1,1.2,8.2,88.9
17065,19.8,0.4,1.2,97.4
17067,19.8,0.3,1,97.4
17069,20.3,0.3,1.3,96.6
17071,20.9,0.2,1.1,97.3
17073,17.1,1.6,4.8,92.1
17075,18.9,0.8,5.3,92.4
17077,11.6,14.3,4,76
17079,17.4,0.1,0.8,98.1
17081,16.2,8.4,2.1,87.4
17083,15.7,0.4,1,96.9
17085,21.3,0.5,2.7,95.6
17087,17.2,8,3,87.9
17089,9.6,5.7,30.7,59
17091,13.4,15.1,9,73.4
17093,7.3,5.7,15.6,74.2
17095,18.4,7.2,4.8,85.3
17097,10.4,7,19.9,65.2
17099,16.4,1.9,8,88.3
17101,15.9,9.6,3.3,86.1
17103,15.7,4.8,5,88.3
17105,15.8,4.9,3.9,89.6
17107,15.7,7.5,2.9,87.7
17109,14.2,5,2.7,88.9
17111,10.1,1.1,11.4,83.7
17113,10.2,7.3,4.4,81.9
17115,16.4,16.3,1.9,78.4
17117,17.1,0.8,0.9,97
17119,14.3,7.9,2.7,86.7
17121,17.6,3.9,1.4,92.4
17123,19.5,0.3,2.5,95.9
17125,19.1,0.4,0.8,97.5
17127,18.4,5.9,1.9,89.8
17129,15.6,0.6,1,97
17131,18.3,0.3,1.9,96.8
17133,14.1,0.2,1.4,97.1
17135,17.3,3.2,1.5,94.1
17137,16.7,6,2,89.8
17139,17.6,0.3,0.9,97.8
17141,15.2,0.9,8.9,88.6
17143,13.9,17.7,3.8,72.7
17145,15.7,8.3,2.7,87.1
17147,16.2,0.3,1,97.3
17149,19.1,1.7,1,96.2
17151,21.6,6,1.4,90.7
17153,18.2,32.4,1.6,63.9
17155,17.8,0.5,4.2,94.1
17157,16,9.7,2.6,86.4
17159,19.2,0.5,1.3,96.6
17161,16.2,9,11.6,75.7
17163,12.5,30.5,3.3,62.9
17165,18.4,4,1.4,92.4
17167,13.9,11.8,1.8,82.5
17169,18.5,3.2,1.2,94.9
17171,18,0.2,0.8,98
17173,18.9,0.2,0.8,98
17175,19.9,0.5,1,97.2
17177,18.8,9,2.9,85.1
17179,15.6,1,1.9,95
17181,18.2,0.9,4.8,92.4
17183,16.3,13,4.2,80.4
17185,17.8,0.6,1.3,96.2
17187,17,1.7,8.4,88
17189,17,0.7,1.3,96.9
17191,19.4,0.3,1.1,97.5
17193,21,0.4,1.1,97.6
17195,17.5,1.3,11,85.9
17197,9.3,11.2,15.6,67.2
17199,16.3,3.8,2,91.5
17201,13.8,12.2,10.9,72.5
17203,14.8,0.5,1.4,96.5
18001,13.8,0.3,4.1,94.6
18003,11.9,11.7,6.5,76.5
18005,14,1.8,6.2,87
18007,15.7,0.5,4.9,93.7
18009,17.8,0.4,0.9,97.2
18011,11.7,0.9,2.2,93.8
18013,17.2,0.3,1.2,96.8
18015,15.8,0.2,3.5,95.2
18017,15.1,1.5,12.6,83.7
18019,12.8,6.9,4.9,85.2
18021,15.1,0.3,1.1,97.2
18023,14.4,0.4,13.2,85.3
18025,15,0.2,1.2,97
18027,14.1,0.5,4.2,93.8
18029,13.1,0.6,1,96.9
18031,14.4,0.3,1.7,96.3
18033,13.1,0.4,2.4,95.7
18035,14.7,6.9,1.8,88.1
18037,14.5,0.3,6,92.6
18039,12.1,5.7,14.1,77.2
18041,16.7,1.3,0.9,96.4
18043,13,5.2,2.6,89.2
18045,17.7,0.2,2.2,96.3
18047,14.1,0.2,0.9,97.9
18049,16.5,0.7,4.2,93.3
18051,15.3,1.8,1.3,94.8
18053,16.2,7,3.6,86.5
18055,16,0.1,1,97.5
18057,8.6,3.5,3.4,86.4
18059,12.8,2.1,1.7,94.1
18061,13.8,0.5,1.5,96.5
18063,10.7,4.9,3,88.5
18065,16.2,2.2,1.4,94.9
18067,16.2,6.9,2.7,87.1
18069,14.7,0.4,1.7,96.1
18071,14.3,0.7,5.7,91.6
18073,14,0.6,5.4,92.6
18075,15.4,0.3,2.7,95.8
18077,14.6,1.7,2.3,93.9
18079,12.6,0.8,2,95.9
18081,12.3,1.1,3.1,92.3
18083,15.8,2.6,1.5,94.1
18085,13.5,0.7,7.3,89.9
18087,11.6,0.3,3.5,95
18089,13.3,25.9,16.7,55.3
18091,14.2,10.8,5.5,81.4
18093,16.4,0.4,1.2,96.6
18095,15.4,8.3,3.2,86.3
18097,10.6,26.7,9.3,59.5
18099,14.7,0.5,8.4,89.5
18101,15.7,0.1,0.7,98
18103,14,4.5,2.5,90.3
18105,10.2,3.3,2.9,86.1
18107,15.5,0.9,4.6,92.8
18109,12.9,0.3,1.2,96.9
18111,16.6,0.4,5,93.3
18113,12.5,0.4,9.6,88.6
18115,16.6,0.4,1.1,97.4
18117,15.8,0.9,1,96.5
18119,14.8,0.3,0.9,97.3
18121,15.6,2.3,1.2,95.4
18123,15.2,2.4,1,95.3
18125,16.9,0.3,0.9,97.7
18127,12.4,3,8.5,85.9
18129,14.4,0.9,1,96.7
18131,16.7,0.7,2.4,95.7
18133,13.5,4,1.5,92.5
18135,17.1,0.4,3,95.1
18137,14.9,0.2,1.5,96.7
18139,15.8,0.8,1.1,96.8
18141,13.3,12.7,7.3,75.6
18143,13.4,0.2,1.5,97.1
18145,13.9,1,3.7,93.7
18147,15,0.5,2.5,95.9
18149,15.3,0.3,3.3,95.1
18151,14.9,0.5,2.9,95.1
18153,14.8,4.5,1.4,92.8
18155,14.6,0.3,1.4,97.2
18157,9.5,4,7.5,80.4
18159,17.2,0.2,2.2,96.4
18161,14.5,0.4,1.1,96.9
18163,14.4,9.1,2.2,85.2
18165,16.9,0.1,0.8,97.8
18167,13.5,6.9,2.3,86.7
18169,18.1,0.5,2.1,95.4
18171,16.6,0.1,0.8,97.8
18173,13.3,1.3,1.6,94
18175,13.5,0.2,1.1,97.4
18177,16.4,5,2.6,89
18179,15.7,0.3,2,96.3
18181,17.2,0.3,7.1,91.2
18183,14,0.3,1.5,96.6
19001,21.4,0.1,1.3,97.7
19003,21.3,0.2,0.9,97.3
19005,19.6,0.8,5.3,93
19007,20.1,0.5,1.4,96.8
19009,23.2,0.2,0.6,98.2
19011,15.4,0.4,1.1,97.4
19013,13.8,8.9,3.7,83.9
19015,15.9,0.8,1.9,95.8
19017,17.3,0.8,1,96.6
19019,15.3,0.3,1.2,97.1
19021,15.1,2.7,22.7,67.9
19023,19.8,0.2,0.9,97.9
19025,23.7,0.2,0.9,97.9
19027,18.6,0.4,1.6,96.7
19029,21,0.3,1.8,96.7
19031,16.7,0.3,1.5,96.7
19033,17.9,1.3,3.8,92.6
19035,21.6,0.5,2.3,95.7
19037,19.1,0.3,2.2,96.9
19039,16.7,0.4,10,88.4
19041,18.4,0.4,2.9,95.1
19043,19.3,0.3,1.7,96.9
19045,16.8,2.6,2.5,92.5
19047,16.3,1.2,24.2,73.4
19049,9.8,1.4,6.1,88.7
19051,17.1,0.1,1,97.7
19053,18.1,1.8,2.1,94
19055,16.6,0.3,0.8,98
19057,17.6,5.1,2.6,89.4
19059,22.3,0.2,1.1,97.5
19061,15.3,2.7,1.9,92.9
19063,18.8,0.6,7.4,90.5
19065,19.4,0.9,1.8,95.7
19067,20,1.2,2,94.7
19069,19.1,0.4,11.3,87.4
19071,19.6,0.5,2.5,95.7
19073,20.9,0.3,1.8,96.6
19075,18.8,0.2,1,97.9
19077,19.9,0.1,1.8,96.7
19079,18.1,0.3,5,91.5
19081,19.1,0.5,3.5,94.7
19083,21,1.2,3.7,93.7
19085,17.8,0.2,1.2,97.3
19087,16,2.2,3.8,90.1
19089,19.3,0.3,1.2,97.4
19091,20.6,0.4,3.6,94.6
19093,20.7,0.2,1.4,97.4
19095,17.2,0.3,1.9,96.7
19097,18.6,0.3,1.1,96.9
19099,16.5,1.3,1.5,95.8
19101,14.8,1.3,2.4,86.3
19103,8.6,4.8,4.7,83.1
19105,17.2,2,1.3,95.5
19107,19.2,0.5,0.9,97.9
19109,21.9,0.3,1.4,97.3
19111,16.9,3.1,3,91.6
19113,13,4,2.6,89.3
19115,15,0.5,15.8,81.8
19117,20.2,0.2,1,98
19119,16.8,0.1,1.8,97.3
19121,14.8,0.3,1.3,97.2
19123,16.1,1.1,1.6,94.9
19125,15.6,0.7,1.6,95.6
19127,16.4,1.7,17.3,78.2
19129,13.4,0.4,2.4,95.6
19131,21.7,0.2,1,98
19133,23.7,0.4,1.2,96.3
19135,18.6,0.3,2.1,96.3
19137,19.9,0.2,2.8,95.6
19139,13.7,1.4,15.9,80.8
19141,20.4,0.5,3.8,94.5
19143,19.7,0.3,6.7,91.9
19145,19.9,2.2,2.7,92.7
19147,21.3,0.5,1.6,96.7
19149,16.6,0.3,3,95.2
19151,22.1,0.4,2.3,96.3
19153,10.8,6,7.6,80.7
19155,14.3,1.4,6.6,89.7
19157,18.4,1.2,2.4,93.6
19159,23.6,0.3,1.8,96.8
19161,22.1,0.3,1.9,96.9
19163,13.1,7.1,5.6,82.8
19165,20.9,0.3,1.8,96.7
19167,14.3,0.4,8.9,89.3
19169,10,2.5,3,86.9
19171,18.4,0.3,7.4,83.7
19175,18.1,0.7,1.8,96
19177,19.8,0.2,1.2,97.4
19179,16.4,1.4,9.1,87.5
19181,13.3,0.5,1.9,95.8
19183,17.3,0.7,5.2,92.7
19185,22.1,0.3,1.1,97.5
19187,16.7,3.8,3.8,90
19189,19.3,0.8,3.3,94.3
19191,16.8,0.6,2,95.7
19193,12.8,2.4,13.7,77.6
19195,18.3,0.4,1.9,96.5
19197,20.9,0.4,9.6,88.7
20001,18.3,1.9,2.9,91.9
20003,20.2,0.5,1.5,96
20005,15.4,5,2.3,89.5
20007,20.4,0.5,2.4,94.8
20009,16.9,1.4,13.3,83.4
20011,17.3,2.8,2,92
20013,18.3,1.2,3.1,84
20015,12.6,1.7,3.9,91
20017,21.2,1.2,3.6,93.1
20019,24.4,0.4,2.4,89.7
20021,16,0.5,2,89.2
20023,26.3,0.1,5.2,93.3
20025,22,0,7.4,88.8
20027,20.4,0.4,1.9,95.9
20029,20.4,0.5,3,94.8
20031,17.2,0.5,2,95.1
20033,24.1,0.3,3.9,94.3
20035,15.8,2.8,9.1,82.2
20037,14,2,4.5,89
20039,27.3,0.6,1,96.9
20041,18.1,0.8,3.9,92.7
20043,16.2,3.1,2.1,91.7
20045,8.9,3.9,5.1,81.7
20047,19.1,0.7,17.6,80.5
20049,24.3,0,2.7,93.5
20051,13.5,0.9,4.6,91.7
20053,18.9,4.6,5,88.2
20055,8.4,2.3,46.7,46.4
20057,10,2.1,51.2,44
20059,14.1,1.3,3.6,91.9
20061,7.6,18.4,12.4,59.9
20063,24,0.3,1.6,97.1
20065,25.6,3.8,2.3,90.8
20067,10.5,0.6,43.9,54.2
20069,12.7,0.4,14.2,84.1
20071,20.9,0.5,13.7,84.7
20073,22.2,0.3,3.3,93.5
20075,13.6,0.3,30.7,67
20077,21.7,0.4,4.9,92.5
20079,17.1,1.6,10.8,84.6
20081,10.7,0.3,27,71.3
20083,20.7,1,6.2,91.2
20085,15.4,0.5,3.3,85.9
20087,15.4,0.5,1.8,95
20091,10.9,4.3,7.2,82
20093,13.5,0.6,28.5,68.5
20095,20,0.2,2.5,95.3
20097,18.9,0.7,3.9,93.1
20099,16.6,4.7,4,85.5
20101,21.1,0.5,4.2,93
20103,11.1,9.4,5.7,80.3
20105,20.3,0.3,2.2,96.1
20107,19.3,0.4,1.9,95.1
20109,20.8,0.8,2.9,94.7
20111,12.5,2.4,20.1,73.3
20113,18.3,1,3.5,93.1
20115,20.9,0.8,2.3,94.7
20117,21.1,0.3,1.9,96.1
20119,17.2,0.7,14.8,82.2
20121,13.1,1.3,2.5,93.7
20123,21,0.2,1.1,97.2
20125,17.4,5.8,5.2,80.9
20127,22.3,0.4,3.6,94.1
20129,17,0.4,19.3,76.3
20131,20.1,0.6,1.2,96.7
20133,17.4,1.2,4.2,91.7
20135,24.6,0.6,7.4,91
20137,18.6,2.9,4.2,91.1
20139,17,0.3,2,95.5
20141,25.2,0.2,1.2,97
20143,17.5,0.8,2,95.7
20145,17.4,4.7,6.6,86.3
20147,20.2,0.4,2.1,95.6
20149,12.3,1.1,4.4,91.1
20151,18.9,1.2,5.4,91.3
20153,26.7,0.3,3.2,95.3
20155,17,3,8.1,86.1
20157,27,0.5,1.1,97.4
20159,17.9,1.3,10.1,86.1
20161,7.3,6.4,6.5,79.5
20163,19.8,0.5,2.1,96.1
20165,24.1,0.2,2.5,95.7
20167,22.8,0.8,1.6,95.3
20169,14.4,3.3,9.7,82.1
20171,18.2,0.4,15.3,83
20173,11.4,9.3,13,69.9
20175,8.5,3.4,56.6,36
20177,14.4,8.6,10.8,75.6
20179,22,0.1,3.3,95.3
20181,19.1,0.6,10.8,86.8
20183,26.4,0.3,1.5,96.3
20185,21,0.3,11.9,85.8
20187,15.6,0.6,37,60.4
20189,13.1,0.3,32.6,65.4
20191,15.7,1,4.5,91.3
20193,15.4,0.6,4.7,92.9
20195,23.4,0.4,1.7,96.7
20197,15.8,0.4,2.9,94.5
20199,20.4,0.1,7.3,91.2
20201,23.2,0.4,2.5,95.8
20203,17.9,0.9,24.6,73.7
20205,19.3,0.3,2.3,94.2
20207,22.7,0.4,2.1,94.9
20209,10.7,25.2,26.4,43.3
21001,15.3,2.7,1.7,94.1
21003,14.7,0.8,1.5,96.2
21005,12,2,1.3,94.8
21007,17.6,2.9,1.1,94.1
21009,15.4,3.9,2.6,91.5
21011,14.7,1.3,1.4,96
21013,15.7,2.2,0.7,95.1
21015,9.5,2.5,3.5,90
21017,15.3,6,6.8,85.2
21019,16.6,2.8,1.4,93.8
21021,16.2,7.5,2.8,86.9
21023,13.7,0.3,1.1,97.2
21025,13.4,0.3,0.6,97.8
21027,15.6,2,0.9,95.4
21029,11.2,0.7,1.4,96
21031,15.8,0.4,2.5,96
21033,17.8,5.1,1,92.1
21035,15.1,3.7,2.4,90.5
21037,12.8,2.5,1.7,93.4
21039,18.9,0.8,1.6,96.1
21041,12.9,1.5,7.3,88.6
21043,14.9,0.5,1.2,97.2
21045,16.1,0.5,2.4,96.1
21047,10.3,21.2,6.1,68.6
21049,14.2,4.8,2.5,91
21051,12.1,4.2,1.8,92.9
21053,16.6,0.4,2.2,96
21055,18.1,0.8,0.5,97.3
21057,19.1,2.6,0.9,94.9
21059,14.6,4.8,2.6,90
21061,16.6,1.4,0.8,96.5
21063,14.4,3.4,0.8,95.2
21065,15.3,0.2,0.7,98.2
21067,10.5,14.5,6.9,73
21069,14.8,1.3,1,96.6
21071,13.6,0.7,0.6,97.9
21073,14,10.4,2.8,83.2
21075,18,23.6,0.8,73
21077,11.4,1.3,4.3,92.6
21079,14.6,2,2.4,94.4
21081,10.7,0.7,2.3,95.5
21083,16.6,4.3,5.7,87.8
21085,15.1,1,1,96.7
21087,17.3,2,1.4,95
21089,17,0.7,0.8,96.9
21091,14,0.9,1.1,96.7
21093,11,11.6,5,77.8
21095,14.3,2.2,0.7,95.7
21097,14.9,2,1.8,94.7
21099,14.9,4.9,1.4,92.2
21101,14.2,7.8,1.9,88.2
21103,14.2,2.7,2.9,92.6
21105,20.8,9.2,1.2,87.7
21107,15.4,6.6,1.6,89.4
21109,13.8,0.1,0.6,98.5
21111,13.4,20.8,4.4,70.5
21113,11.3,3.1,2.8,91.3
21115,14.1,0.2,0.5,98
21117,11.2,4.6,2.6,89.8
21119,13.4,0.7,0.6,98
21121,14.6,1.1,0.8,96.6
21123,15.6,3.1,2.8,92.3
21125,12.9,0.7,1.2,96.4
21127,14.2,0.2,0.5,98.2
21129,13.2,2.3,0.7,95.9
21131,14.2,0.2,0.4,98.6
21133,14.2,0.3,0.5,98.4
21135,14.7,0.3,0.6,98.4
21137,14.9,2.3,1.5,94.6
21139,18.1,0.2,1.3,97.1
21141,15.7,6.6,2.4,89.2
21143,21,5.3,0.9,92.3
21145,16.8,11,2.1,83.9
21147,12.3,5.5,2.1,90.4
21149,16.9,0.6,1.1,97.3
21151,11.2,4.4,2.2,90.4
21153,12.9,0.1,0.7,98.3
21155,13,8.1,2.4,87.2
21157,19.3,0.2,1.1,97.5
21159,11.2,6.9,3,89.2
21161,15.1,6.4,1.4,89.7
21163,10.4,3.3,3,90.6
21165,15.9,1.8,0.8,96
21167,15.9,3.6,2.3,92
21169,16.3,1.5,1.1,96.3
21171,17.1,2.1,2.6,94.1
21173,12.8,2.8,2.5,93.3
21175,13,4.3,0.8,93.7
21177,16.2,4.5,1.2,93
21179,11.7,5,2,90.9
21181,15.6,0.6,1.4,97
21183,15.4,0.8,3.5,94.5
21185,9.2,4.3,3.5,89.2
21187,14.5,0.8,2.3,95.6
21189,16.8,0.3,0.8,98
21191,12.3,0.4,1,97.6
21193,13.4,1.5,0.6,96.2
21195,13.7,0.5,0.7,97.6
21197,13,0.6,1,97.2
21199,16.2,1.2,2.1,95.1
21201,18.7,0.2,1,97.8
21203,14.8,0.1,0.6,98.2
21205,12.3,1.5,1.3,95.4
21207,17.4,0.5,3.3,94.9
21209,9.3,5.2,4.2,87.8
21211,12,7.5,9.1,81
21213,14.3,9.4,1.9,86.2
21215,10.2,1.5,1.4,95.4
21217,16,5,1.8,91.1
21219,14.2,8,4,86.7
21221,19,8.2,1.2,88.4
21223,12.9,0.3,2.5,95.4
21225,13.7,12,1.6,84.3
21227,10.9,9.1,4.5,81.6
21229,15.9,6.3,3.4,88.8
21231,16,1.5,2.9,94.1
21233,15.1,4.1,4.3,89.8
21235,14.3,0.6,0.9,96.9
21237,15.6,0.1,0.6,98.5
21239,13,4.9,6.7,86.4
22001,12.8,18.1,1.7,78.6
22003,12.9,23.2,1.3,70.9
22005,8.9,22.2,4.7,70.8
22007,13.4,30.5,2.1,65.9
22009,14.4,29.5,1.4,66.3
22011,13,13.1,2.8,80.6
22013,18.5,42.3,1.4,54.7
22015,12,20.9,6,69.2
22017,13.6,47.2,2.4,47.8
22019,12.6,24.8,2.6,69.4
22021,14.8,17.2,2.2,79.4
22023,12.9,1.7,2.3,94.5
22025,14.4,31.5,0.9,66.7
22027,16,50.8,1,47
22029,14.5,40.9,1,56.8
22031,14.4,39.2,2.5,56.6
22033,10.9,45.3,3.7,47
22035,12.5,69,1.6,28.3
22037,13,44.9,1,52.6
22039,13.2,28.3,2.3,67.9
22041,16.3,31.5,0.9,66.7
22043,12.1,15.6,4.2,77.8
22045,12.2,32,3.1,60.8
22047,12,49.3,2,47.9
22049,16.7,29.8,1.3,67.5
22051,13.6,26.3,12.4,56
22053,14.5,17.3,1.7,78.6
22055,10.3,25.8,3.9,67.2
22057,12.5,13.2,3.8,78
22059,14.8,11.9,2.2,84.1
22061,11.3,40.5,2.5,54.2
22063,9.9,5.1,3,90.1
22065,11.9,61,1.6,36.4
22067,15.4,46.9,0.9,50.9
22069,13.5,41.4,1.9,53.4
22071,10.9,60.2,5.2,30.5
22073,12.3,36.6,1.8,59.6
22075,11.2,20.5,4.6,67.8
22077,15.5,36.3,2.2,60.3
22079,13.7,32,2.6,62
22081,15.2,39.5,1.1,58.4
22083,14.4,36,1.6,61.3
22085,17.2,16.6,3.4,69.2
22087,9.2,17.7,9.2,68.5
22089,9.9,26.6,5,66.2
22091,14.1,53.3,0.9,44.6
22093,12.9,50.6,1.2,47.4
22095,10.3,53.5,4.7,40
22097,13.7,41.3,1.6,55.2
22099,11.7,30.7,2.1,64.9
22101,12.9,32.5,5.3,57.2
22103,12.7,11.4,4.7,80.6
22105,11.4,30.3,3.5,64.3
22107,17.3,56.5,1.2,41.5
22109,11.2,18.9,4,68.6
22111,16.5,27.2,4.2,67.8
22113,12.9,14.3,2.4,79.8
22115,9.4,14.2,7.2,72.2
22117,14.5,31,1.9,65.8
22119,16.7,33.5,1.6,63.3
22121,11,37.7,2.3,58.6
22123,16.8,15.7,2.6,80.5
22125,10.2,46.5,1.6,51.2
22127,14.4,30.7,1.6,66
23001,14.1,3.6,1.5,91.9
23003,19,0.6,0.9,95.1
23005,14.3,2.4,1.8,91.8
23007,16.8,0.2,1,96.6
23009,18.3,0.4,1.1,96.2
23011,15.5,0.6,1.2,95.4
23013,19.1,0.5,0.8,96.5
23015,21.5,0.3,0.8,97
23017,17,0.4,1,96.1
23019,14.5,0.8,1.1,94.7
23021,20.3,0.3,1,96.3
23023,16.4,0.7,1.3,95.4
23025,16.3,0.4,0.8,96.6
23027,16.2,0.4,0.9,96.6
23029,19.6,0.4,1.4,91.3
23031,15.4,0.6,1.3,95.6
24001,17.8,8,1.4,88.2
24003,11.8,15.5,6.1,72.4
24005,14.6,26.1,4.2,62.7
24009,10.9,13.4,2.7,79.7
24011,13.3,13.9,5.5,78.2
24013,13,3.2,2.6,91.2
24015,11.7,6.2,3.4,87.4
24017,9.5,41,4.3,48.4
24019,17.7,27.7,3.5,66.2
24021,11.1,8.6,7.3,77.8
24023,17.4,1,0.7,97.3
24025,12.5,12.7,3.5,79.2
24027,10.1,17.5,5.8,59.2
24029,21.8,15.1,4.5,78.1
24031,12.3,17.2,17,49.3
24033,9.4,64.5,14.9,14.9
24035,14.9,6.9,3,87.3
24037,10.3,14.3,3.8,76.5
24039,13.8,42.3,3.3,52.1
24041,23.7,12.8,5.5,79
24043,14.3,9.6,3.5,83.3
24045,13,24.2,4.5,66.6
24047,23.2,13.6,3.2,80.3
24510,11.7,63.7,4.2,28
25001,25,1.9,2.2,91.4
25003,18.6,2.7,3.5,90.6
25005,14.2,3.3,6,85.6
25007,16.3,3.1,2.3,86.3
25009,14.1,3.8,16.5,76
25011,15.2,1.1,3.2,92.4
25013,14.2,9,20.9,67.7
25015,12.7,2.5,4.7,86.2
25017,13.1,4.7,6.5,76.5
25019,12.1,6.8,9.4,80.5
25021,14.5,5.7,3.3,80.3
25023,13.9,7.2,3.2,83.9
25025,10.5,21.6,19.9,48.1
25027,12.8,4.2,9.4,80.7
26001,31.4,0.1,1.1,97.1
26003,20.6,6.4,1.2,85.5
26005,13,1.2,6.7,89.7
26007,19.5,0.3,1,96.7
26009,22.1,0.2,1.7,95.6
26011,20.3,0.2,1.4,95.8
26013,17.3,7.2,1,74.5
26015,14.6,0.4,2.3,95.5
26017,16.2,1.6,4.7,91.2
26019,20.6,0.4,1.7,95.1
26021,16.3,15.3,4.5,76.1
26023,14.7,3.1,4,90.9
26025,14.8,10.9,4.5,79.8
26027,16,5.4,3,87.4
26029,18.6,0.3,1.4,94.8
26031,21.5,0.5,0.8,93
26033,14.6,6.5,1.2,71.5
26035,19.9,0.5,1.5,95.8
26037,12.9,2.1,3.9,90.5
26039,20.8,0.4,1.3,96.5
26041,19.1,0.2,0.9,94.2
26043,19,0.3,1,96.6
26045,14,6.3,4.7,84.9
26047,16.6,0.5,1.3,92.2
26049,13.7,20.7,3,72.7
26051,22.8,0.2,1.2,96.9
26053,21.4,4.1,0.9,91.1
26055,15,1.2,2.2,93.3
26057,14.8,5.5,5.4,87.4
26059,15.7,0.5,1.8,95.9
26061,15,0.5,1.1,93.6
26063,21.7,0.4,2,96.1
26065,10.5,11.8,7.3,72.4
26067,11.3,4.7,4.4,89.1
26069,26.1,0.5,1.6,95.5
26071,26.3,0.1,1.4,96.2
26073,9.7,2.4,3.1,87.5
26075,14.2,7.9,3,85.9
26077,12.3,10.9,4,79.9
26079,16.5,0.3,1.2,95.9
26081,11.1,9.7,9.7,76
26083,24,0.1,0.7,98.2
26085,23.7,9.2,2.1,85.8
26087,13.3,1,4.1,93
26089,23.4,0.3,3.7,91.2
26091,14.6,2.5,7.6,87.6
26093,12,0.4,1.9,95.3
26095,17.9,11.1,1.2,79.6
26097,22.4,0.5,1.1,75.7
26099,14.3,8.6,2.3,83.9
26101,20.7,2.9,2.6,90.6
26103,14.7,1.7,1.1,93
26105,19.2,0.6,4,92.6
26107,15.4,2.5,1.7,92.6
26109,19.1,0.3,1.2,94.5
26111,14.8,1.2,2,93.1
26113,17.4,0.3,2.1,95.8
26115,13.4,2.1,3.1,92.5
26117,14.1,2.3,3.1,92.6
26119,27,0.2,1,96.9
26121,13.6,14.5,4.8,77.3
26123,15.5,1,5.5,91
26125,13.2,13.6,3.5,75.1
26127,17,0.4,13.7,83.7
26129,22,0.2,1.4,96.2
26131,26.4,0.1,0.9,96.5
26133,17,0.6,1.5,95.8
26135,23.5,0.2,0.9,97
26137,17,0.3,1.2,96
26139,11.8,1.5,8.6,85.7
26141,26.2,0.4,0.9,97
26143,28,0.4,1.1,96.5
26145,15.3,19,7.8,70.5
26147,14.5,2.4,2.9,92.1
26149,14.9,2.6,6.6,88
26151,17.6,0.3,3.3,94.8
26153,21.2,0.1,0.8,87.1
26155,14.3,0.5,2.4,95.2
26157,15.8,1.1,2.8,94.3
26159,13.8,4.1,10.2,82.7
26161,10.1,12.7,4,72.1
26163,12.7,40.5,5.2,49.6
26165,15.9,0.4,1.6,95.5
27001,27.2,0.4,0.9,95
27003,9.7,4.4,3.6,85.2
27005,17.3,0.4,1.2,87.8
27007,12.9,0.6,1.5,74.4
27009,11.9,1.9,1.6,93.5
27011,25.1,0.2,0.8,97.7
27013,11.8,2.7,2.5,91.2
27015,18.9,0.2,3.3,95.2
27017,15,1.4,1.4,88.9
27019,8.5,1.2,3.9,90.7
27021,21.1,0.2,1.2,85.4
27023,19.3,0.5,4.9,91.4
27025,11.6,1.2,1.5,94.7
27027,12,1.4,3.5,90.6
27029,18.6,0.3,1.4,86.7
27031,20.3,0.3,1.1,87.5
27033,21.2,0.7,6.2,89.3
27035,18.5,0.5,1,96
27037,10,4.7,6,82.3
27039,12.2,0.3,4.6,93.5
27041,19.6,0.4,0.9,97.1
27043,21.8,0.3,5.6,92.9
27045,19.2,0.2,1,97.6
27047,20.2,0.7,8.8,88.6
27049,16.4,1,2.9,93.2
27051,22.2,0.3,1.6,96.9
27053,11.4,11.8,6.7,71.7
27055,17.4,0.5,0.7,97.1
27057,20.8,0.2,1.6,93.6
27059,12.4,0.6,1.5,95.1
27061,19,0.3,0.9,93.1
27063,19.9,0.5,2.7,94.5
27065,16.4,0.3,1.3,96.1
27067,16.2,2.3,11.2,85.1
27069,22.6,0.2,1.5,97.4
27071,19.6,0.6,1.1,94
27073,23.8,0.2,1.5,97
27075,22.3,0.1,0.7,97.2
27077,20.3,0.3,0.9,95.5
27079,14.4,0.3,5.2,92.7
27081,24.5,0.1,1.2,97.5
27083,13.6,2.3,6,87.5
27085,15.3,0.5,4.9,92.8
27087,15.8,0.2,1.8,49.8
27089,19.2,0.3,3.6,94.8
27091,20.7,0.3,3.6,94.8
27093,16.5,0.3,3.3,95.4
27095,16.1,0.4,1.4,90.4
27097,16,0.4,1.2,96.9
27099,17.4,2.1,10.6,84.2
27101,22.4,0.3,2.8,95.4
27103,12,2,3.7,91.5
27105,16,3.5,22.5,67.2
27107,21.4,0.2,4,91.8
27109,12.6,4.8,4.2,83.4
27111,21,0.8,2.6,94.7
27113,15.9,1.4,2.7,92.4
27115,16.3,2,2.4,90.5
27117,19.8,0.6,3.7,92.5
27119,16.5,0.9,5.4,90.2
27121,21.3,0.3,0.9,97.5
27123,12,11,7.2,66.9
27125,17.1,0.2,2.5,94.8
27127,19.7,0.5,2.1,87.9
27129,19.4,0.3,6.6,91.2
27131,12.3,3.2,8,85.1
27133,18.9,0.6,2,95.4
27135,14.4,0.2,0.7,94
27137,15.9,1.4,1.2,92.3
27139,7.7,2.6,4.4,84.5
27141,8.3,1.9,2.2,92.6
27143,16.3,0.3,7.2,90.9
27145,12.1,3.1,2.8,90.6
27147,14.4,2.8,6.2,89
27149,16.4,0.8,3.5,91.8
27151,20.1,0.5,3.6,94.8
27153,17.4,0.4,5.2,92.6
27155,26.3,0.4,1.4,93.4
27157,17,0.4,2.7,95.6
27159,21.1,0.8,1.3,95.8
27161,14.7,2,5.1,90.4
27163,10.5,3.6,3.4,85.7
27165,19,0.7,20.9,77
27167,17.8,0.2,2,95.7
27169,13.4,1.3,2.4,92.9
27171,9.6,1.1,2.4,93.7
27173,19.5,0.2,3.8,91.8
28001,15.8,53.5,6.7,38.7
28003,15.9,11.4,2.7,84.5
28005,18.2,41.3,0.8,57.2
28007,17.2,42,1.7,55.5
28009,15.4,37.3,1.7,59.9
28011,12,64.2,1.9,32.9
28013,16.5,27.7,5.4,65.8
28015,17.1,32.7,1,65.4
28017,14.4,42.1,3.7,53.2
28019,17.4,30.1,0.9,67.9
28021,12.1,84.4,0.8,14.1
28023,16.4,34.4,0.8,63.8
28025,14.3,58.2,1,40.1
28027,12.2,75.5,1.1,22.6
28029,13.7,50.9,2.6,45.5
28031,15.1,34.9,1.9,62.4
28033,10.1,21.9,5,70.4
28035,11.6,36.1,3.5,58.4
28037,16.2,34.4,0.6,64.4
28039,12.8,8.1,2,88.6
28041,11.2,26,0.9,72
28043,15,41.7,0.9,56.4
28045,15.2,7.1,3.3,86.3
28047,11.7,22.1,5.3,67.2
28049,10.8,69.1,1.5,28
28051,12.6,83.4,0.7,15.6
28053,12.5,74.5,2.2,22.8
28055,14.4,64.4,0.6,34.3
28057,15.8,5.9,1.3,91.8
28059,12.4,21.5,4.6,69.9
28061,16,52.6,0.8,46
28063,12.9,85.7,0.4,13.7
28065,16.6,59.9,0.8,38.5
28067,14.4,28.3,4.7,65.6
28069,15.6,60.1,0.5,35.1
28071,10.5,23.7,2.3,70.8
28073,10.8,19.6,2.2,76
28075,14.1,42.8,1.8,54
28077,14.9,30.7,2.1,66.3
28079,13,40.6,4.3,48.8
28081,13,27.3,2.4,68.6
28083,11.9,72.2,2.3,24.5
28085,14.2,29.9,0.9,68
28087,12.9,43.5,1.5,53.3
28089,10.4,38.2,2.9,56
28091,14.7,32.3,1.2,65.2
28093,12.7,46.9,3.2,48.9
28095,15.8,30.9,1,67.2
28097,17.2,45.5,0.9,52.8
28099,13.5,20.9,1.6,60
28101,14.9,30.2,1.3,62.6
28103,13.4,71.6,0.8,27
28105,9.2,36.6,1.4,58.4
28107,12.7,48.6,1.4,48.9
28109,14.6,12.3,2.9,82.2
28111,14.1,20,1,77.7
28113,14.2,51.5,1.2,45.9
28115,12.8,13.8,6.2,78.5
28117,15.7,13.8,1.2,83.8
28119,14.1,69.6,0.7,28.8
28121,11.5,18.8,2.7,76.3
28123,12.4,37.5,10.7,50.8
28125,14.4,71,0.8,27.8
28127,14,35.1,1.4,62.3
28129,15.3,22.9,1.2,75.3
28131,12.1,19.1,1.3,77.7
28133,10.2,72.9,1.4,25.2
28135,11.8,56.4,5.6,36.3
28137,12.4,30.3,2.2,66.1
28139,14.6,15.9,4.4,78.3
28141,18,2.6,2.8,93.5
28143,9.5,73.5,2.3,23.1
28145,14.5,14.5,4.5,79.8
28147,15.8,44.5,1.5,52.7
28149,12.8,47,1.8,49.5
28151,12.3,71.3,1,26.7
28153,13.9,38.9,1.2,59
28155,15.7,19.9,1,78.1
28157,13.8,70.8,0.4,28.5
28159,16.5,45.6,1,51.5
28161,16.5,37.9,1.2,60
28163,11.9,57.1,4.6,37.3
29001,12.5,1.6,2,92.8
29003,15.5,0.4,1.7,96.2
29005,21.6,0.3,1,97.7
29007,16,6.4,2.6,88.6
29009,17.6,0.3,7.7,88.5
29011,17.2,0.4,1.9,94.4
29013,17.7,0.9,1.6,95.6
29015,25.9,0.3,1.5,96.1
29017,16.7,0.3,0.8,97.4
29019,9.3,9.3,3,81
29021,14,5.2,5.2,86.3
29023,17,5.3,1.6,90
29025,16.7,0.4,1.5,95.9
29027,12.3,4.6,1.6,91
29029,21.7,0.4,2.3,95.3
29031,14.3,7,2,87.9
29033,19.1,1.7,1.3,95.7
29035,16.6,0.1,1.7,95.6
29037,13.6,3.5,4,89.5
29039,22.4,0.1,1.5,96.1
29041,21.4,2,0.5,96.3
29043,12.2,0.6,2.5,94.3
29045,17.7,0.3,0.6,97.7
29047,11.2,5.2,5.9,84.1
29049,15.7,1.4,1.6,94.5
29051,12.3,11.2,2.4,83.2
29053,15.4,6.9,1.3,89.5
29055,16.3,0.3,1.5,96.4
29057,20.5,0.4,1.5,94.8
29059,17,0.2,1.5,95.6
29061,17.1,0.3,1,97.4
29063,13.7,11.3,1.7,85.7
29065,19,0.4,0.9,95.9
29067,19.8,0.2,0.8,96.6
29069,16.5,9.7,5.4,82.9
29071,13.8,0.8,1.4,96
29073,20.1,0.2,1,97.2
29075,20.5,0.3,0.5,98
29077,14,2.9,3,89.5
29079,20.5,0.6,1.7,96
29081,20.7,0.3,1.6,96.7
29083,19.5,1,1.7,95.3
29085,29.6,0.3,0.9,96.4
29087,21.2,0.2,0.8,97.2
29089,15.9,5.2,1.2,91.1
29091,17.1,0.4,1.7,95.3
29093,17.9,1.3,1.3,95.6
29095,12.5,23.9,8.4,63.3
29097,13.4,1.9,6.8,86
29099,11.2,0.8,1.6,95.4
29101,10.7,4.3,3.1,88.2
29103,20,0.3,0.8,97.5
29105,15.6,0.7,2,94.4
29107,16.5,2.2,2.2,92.9
29109,16.3,0.3,6.3,91
29111,16.3,3.2,1.6,93.5
29113,10.9,1.9,2,93.9
29115,19,0.7,1.5,96.4
29117,18.2,2.4,1.2,94.7
29119,12.5,0.6,11.2,81
29121,19.4,2.3,1,94.7
29123,17.7,0.3,2,96.4
29125,17.9,0.3,0.8,97.1
29127,15.7,4.9,1.4,91
29129,20.2,0.2,0.7,97.3
29131,15.7,0.4,1.4,96
29133,15.2,24,1.6,73.3
29135,13.8,3.7,3.8,90.7
29137,18.6,3,1,94.3
29139,18.7,1.6,1.4,95.1
29141,22.1,0.6,1.8,95.2
29143,16.1,15.8,1.1,81.1
29145,15.2,0.8,4.4,87.7
29147,13.2,2.4,1.3,93.6
29149,19.8,0.1,1.2,95.6
29151,15,0.2,0.6,98.4
29153,23.4,0.1,1.3,96.5
29155,14.7,26.8,1.9,69.6
29157,15.6,0.4,1.7,96.5
29159,14.7,3,7.2,87
29161,13.6,2.2,2,90.3
29163,15.6,7.2,1.8,89.2
29165,11.2,5.9,5,84.1
29167,16.1,0.8,2,95
29169,7.2,11.4,9,72.4
29171,21.6,0.2,0.7,97.7
29173,16.5,1.1,1,96.7
29175,14.2,5.9,1.6,90
29177,14.8,1.2,1.8,95.1
29179,20.1,0.7,1,96.1
29181,18.8,0.3,1,96.2
29183,11.2,4.1,2.8,89.1
29185,23.4,0.5,1.7,95.5
29186,16,0.7,0.8,97
29187,14.3,4.2,1.2,92.8
29189,15,23.3,2.5,68.9
29195,15.8,5.3,8.2,83.2
29199,18.1,0.1,0.7,98.3
29201,15,11.4,1.8,84.9
29203,17.3,0.2,1.6,94.9
29205,19.4,0.5,1.1,97.3
29207,17.8,0.9,1.2,96.5
29209,24.4,0.2,1.7,96.1
29211,17,0.5,18.6,79.7
29213,17.7,0.9,4.8,91.1
29215,18,3.4,1.6,92.3
29217,16.4,0.5,1.6,95.5
29219,14.6,1.9,2.9,92.9
29221,13.4,2.2,1,95.1
29223,21.4,0.3,1,96.5
29225,13.1,0.9,1.7,95.2
29227,23.7,0.6,1.1,97.4
29229,17.5,0.5,1.3,96.3
29510,11,49.2,3.5,42.2
30001,16.9,0.2,3.7,92.7
30003,10,0.2,4,30.4
30005,13.5,0.1,1.8,47.9
30007,17.8,0.3,2.2,94.6
30009,18.8,0.3,1.9,95.9
30011,23.2,0.1,0.7,97.6
30013,15.6,1.2,3.3,87.4
30015,17.3,0.1,1.6,75.5
30017,17.5,0.3,2.2,94.1
30019,24.8,0.2,1.5,94.4
30021,17.9,0.3,2,94.5
30023,19.2,0.4,2.9,91.6
30025,17.4,0.1,1.2,96.6
30027,21.5,0.2,1.5,95.7
30029,14.4,0.2,2.3,94
30031,9.5,0.3,2.8,93.3
30033,20.6,0.2,0.2,98.4
30035,10.6,0.1,1.8,30.7
30039,24.5,0.1,1.4,96.4
30041,12.7,0.3,2.3,72.9
30043,14.1,0.1,2,94
30047,16.8,0.3,3.5,68.1
30049,13.8,0.3,2.5,92.4
30051,19.8,0.1,0.3,98
30053,20.5,0.1,2.3,94.2
30055,22,0.2,0.7,97.4
30057,21,0.2,2.4,95.4
30059,22.6,0.1,1.5,96.6
30061,21.9,0.3,1.9,93.6
30063,11.4,0.4,2.6,91
30065,18.8,0.2,2.6,94.3
30067,16.6,0.1,2.1,95.2
30071,20.3,0,1.9,86.2
30073,18.9,0.1,1.4,82.2
30075,22.7,0.1,1.4,94.4
30077,16.4,1,1.7,91.4
30079,26,0,1.4,95.4
30081,19.2,0.2,3,93.9
30083,14.9,0.1,3,93.3
30085,10.8,0.1,1.3,35.6
30087,11.5,0.3,3.4,60.2
30089,21.5,0.1,2,90.4
30091,23.1,0.2,1.5,94.6
30093,16.4,0.3,3.7,92.1
30095,16.4,0.1,2.3,95.3
30097,20.7,0.1,1.4,95.6
30099,20.8,0,1.3,95.4
30101,13.9,0.5,2.4,90.4
30105,20.7,0.2,1.2,86.4
30107,20.7,0.3,1.5,95.2
30109,23.9,0,1.3,97.1
30111,14.1,0.6,4.7,88.2
31001,15.4,0.8,8.1,88.5
31003,21,0.3,2.7,96
31005,20.4,0,4.1,94.6
31007,19.7,0,3.8,95.1
31011,21.1,0.4,1.2,97.8
31013,15.1,0.5,10.2,84.6
31015,26.5,0,1.6,96.4
31019,12.1,0.8,7.4,89.2
31021,23.1,0.4,1.8,95.1
31023,19.1,0.3,2.3,96.4
31025,14.3,0.3,2.4,95.4
31027,20.4,0.1,1.3,97.8
31029,20.4,0.1,11.1,88
31031,20.8,0.2,1.7,90
31035,17.9,0.3,7.7,90.8
31037,13.6,0.8,41,57.4
31039,20.8,0.1,8.3,90.5
31041,20.9,0.3,2,96.5
31043,11.4,3.1,35.3,55.2
31045,16.3,1.5,3.3,87.8
31047,13.9,3.1,31.8,63.6
31049,23.7,0.1,3.9,94.7
31051,17.8,0.3,10.4,88.2
31053,18.4,0.6,10.1,87.5
31055,10.6,11.6,11.2,71.9
31057,23,0.3,5.8,92.2
31059,22.3,0.6,3,95.4
31061,23.9,0.1,1,97.5
31063,19,0,1.3,97.5
31065,22.7,0.2,2.7,95.7
31067,19.4,0.3,1.7,96.1
31069,27.2,0.2,3.9,94.4
31071,27.1,0.1,0.7,98.7
31073,21.1,0.4,2.4,95.6
31077,23,0.6,2,96.6
31079,13.4,1.7,23.3,72.6
31081,16.4,0.2,2,96.9
31083,23.5,0,1.3,97.7
31089,20.5,0.2,2.9,96
31093,18.7,0.2,1.7,96.7
31095,22,0.3,2.7,95.7
31097,17.6,5.3,8.3,83.5
31099,18.3,0.2,3.8,95
31101,21.2,0.2,5.7,92.4
31105,22.1,0.2,6.4,90.6
31107,22.7,0.1,1.8,88.4
31109,10.9,3.5,5.8,84.3
31111,15.6,0.7,7.2,90.2
31119,14.7,1.3,12.9,83.3
31121,18,0.2,3.5,94.4
31123,19.5,0.2,13.6,84.4
31125,19.1,0.2,1.7,97.1
31127,18,0.9,1.8,95.7
31129,26.1,0.1,2.2,96.3
31131,18.9,0.5,5.7,92.1
31133,26,0.3,1.3,96.8
31137,19,0.1,4.1,94.6
31139,17.9,0.2,1.3,97.7
31141,14.9,0.4,13.8,84.3
31145,18.7,0.7,4.2,93.6
31147,22.9,0.2,1.3,93.6
31151,14.6,0.9,20.2,76.2
31153,8.5,4,7.3,83.8
31155,15.5,0.3,2,96.2
31157,16.8,0.6,21.1,75.6
31159,15.2,0.4,1.6,96.4
31161,22.2,0.2,3.1,83.4
31163,23.4,0.1,1,98.2
31167,14.1,0.7,4.6,93.5
31173,11.9,0.2,2.7,39.5
31175,23.6,0.1,1.9,96.9
31177,14,0.6,2.1,95.9
31179,13.7,1.3,4.2,92.7
31181,23.7,0.5,3.5,94.1
31185,18.2,1.2,4.1,93.1
32001,15.2,1.6,12.1,76.5
32003,11.3,10.5,29.1,48
32005,20.2,0.4,10.9,83.2
32007,8.5,0.8,22.9,69.1
32011,12.9,0.1,12,83.6
32013,10.2,0.5,24.4,68.9
32015,11.8,0.3,21.1,73.7
32017,18.1,2.3,6.2,87.9
32019,15.8,0.8,14.8,78.2
32023,23.4,2,13.6,78.9
32027,13,3.7,22.3,68.2
32029,18.4,1,5.7,88.1
32031,12.1,2.3,22.2,66
32033,14.9,3.9,13.2,76.3
32510,16.5,1.9,21.3,70.7
33001,16.7,0.5,1.2,95.8
33003,20.6,0.3,1,96.8
33005,14.7,0.5,1.4,95.4
33007,19.4,0.4,1.2,96.2
33009,15.5,0.9,1.8,92.3
33011,11.9,2.1,5.3,87.6
33013,13.7,1,1.6,94.3
33015,12.7,0.7,2.1,94.2
33017,11.9,1,1.8,92.7
33019,16.5,0.4,1.1,96.2
34001,14.2,16.1,16.8,58.6
34003,15.1,5.8,16.1,62.5
34005,13.9,16.6,6.4,70.6
34007,12.8,19.6,14.2,60.3
34009,21.6,4.7,6.2,86.9
34011,12.6,20.2,27.1,50.3
34013,11.5,40.9,20.3,33.2
34015,12.4,10.1,4.8,81.1
34017,10.4,13.2,42.2,30.8
34019,12.7,2.7,5.2,87.7
34021,12.6,20.3,15.1,54.5
34023,12.3,9.7,18.4,49.2
34025,13.8,7.4,9.7,76.7
34027,13.8,3.1,11.5,75.1
34029,21,3.2,8.3,85.9
34031,12,12.8,37,45.3
34033,15,14.1,6.8,76.8
34035,12.4,8.9,13,62.4
34037,12,1.8,6.4,88.8
34039,12.6,22.1,27.3,45.4
34041,14.1,3.5,7,85.7
35001,12.2,3,47.9,41.5
35003,27.9,0.4,19,76
35005,14.2,2,52,43.9
35006,12.8,1,36.5,21.5
35007,20.1,0.5,47.2,49.9
35009,11.4,6.3,39.5,50.7
35011,22.9,0.1,38.5,59.3
35013,12.4,1.7,65.7,30.1
35015,14,1.4,44.1,52.2
35017,21.3,0.9,48.3,48.6
35019,15.5,1.7,79.6,16.1
35021,29.2,0.3,43,56.3
35023,16.7,0.6,56.6,41.4
35025,10.8,4.1,51.1,43
35027,22,0.5,29.8,66.4
35028,15,0.6,14.7,76.3
35029,19.6,1.1,61.5,35.9
35031,9.5,0.5,13.3,10.3
35033,18.7,0.7,81,17.9
35035,15,3.5,34.5,52.8
35037,20.6,1.1,42.4,53.6
35039,14.1,0.5,71.3,12.8
35041,11.9,1.8,39.9,55.5
35043,12.1,2.1,35.1,47.5
35045,10.8,0.6,19.1,42.5
35047,15.2,1.4,76.8,19.7
35049,15.1,0.9,50.6,43.9
35051,30.6,0.4,28,68.4
35053,14.2,1.1,48.5,37.6
35055,17.1,0.4,55.8,36.3
35057,14.2,1.3,39.1,56
35059,17.9,1.8,39.7,56
35061,12.7,1.4,58.3,36.2
36001,13.9,12.7,4.9,76
36003,15.2,1.1,1.4,95.4
36005,10.5,36.5,53.5,10.9
36007,16.4,4.8,3.4,86.3
36009,15.5,1.3,1.7,91.9
36011,15.3,4,2.4,91.3
36013,16.6,2.4,6.1,89.3
36015,15.7,6.6,2.5,87.4
36017,16.6,0.7,1.8,95.6
36019,13.3,3.9,2.5,91.1
36021,18.2,4.5,3.9,88.2
36023,13.1,1.5,2.2,93.7
36025,19.4,1.6,3.3,93.2
36027,13.5,9.9,10.5,74.6
36029,15.7,13.5,4.5,77.7
36031,18.1,2.7,2.5,92.9
36033,13.3,6.1,2.9,82.6
36035,16,1.9,2.3,93.8
36037,15.6,2.7,2.7,91.5
36039,17.3,5.7,4.9,87.1
36041,23.4,0.7,1.1,96.4
36043,16.8,1.1,1.6,95.6
36045,11.2,5.1,5.3,85.8
36047,11.5,34.3,19.8,35.7
36049,15,0.7,1.3,96.8
36051,13.7,2.4,2.8,92.2
36053,13.9,1.8,1.8,93.8
36055,13.9,15.2,7.3,72.8
36057,16.6,1.9,11.3,85.1
36059,15.3,11.1,14.6,65.5
36061,13.5,15.6,25.4,48
36063,15.9,6.9,2.2,87.3
36065,16.3,6.3,4.6,84.8
36067,14,11,4,79.2
36069,15.4,2.3,3.4,91.8
36071,11,10.2,18,68.2
36073,14.4,5.9,4.1,87.8
36075,12.6,0.8,2.1,95.1
36077,16.5,1.7,3.1,92.7
36079,12.5,2.4,11.7,82.9
36081,12.8,19.1,27.5,27.6
36083,13.6,6.5,3.8,85.7
36085,12.7,10.6,17.3,64
36087,13.4,11.9,15.7,65.3
36089,13.9,2.2,1.9,92.9
36091,13.7,1.5,2.4,92.7
36093,14.9,9.5,5.7,77.2
36095,15.9,1.3,2.8,93.9
36097,17,0.9,1.3,96.2
36099,15.5,4.6,2.7,90.8
36101,15.9,1.6,1.4,94.4
36103,13.5,7.4,16.5,71.6
36105,14.8,9.1,13.6,74.5
36107,15.7,0.7,1.4,96
36109,10.8,4,4.2,80.2
36111,14.8,6,8.7,81.7
36113,17.1,0.9,1.8,95.2
36115,15.4,3,2.3,93.3
36117,14.3,3.1,3.7,91
36119,14.7,14.6,21.8,57.4
36121,13.6,5.6,3,90.2
36123,16.6,0.8,1.7,96.1
37001,14.6,18.8,11,67.3
37003,15.1,5.5,4.3,87.8
37005,20.7,1.3,9,88.4
37007,14.3,48.6,3,45.8
37009,20.2,0.6,4.8,93.2
37011,17.4,4,4.5,90.1
37013,18.4,25.6,6.6,66.4
37015,17.2,62.5,1.3,34.7
37017,15.6,34.9,7.1,54.7
37019,21.4,11.4,5.2,80.8
37021,16,6.4,6,84.4
37023,16.1,6.6,5.1,83
37025,11.3,15.3,9.4,71.6
37027,15.4,4.9,4.6,88.6
37029,12.9,13.2,2.2,81.2
37031,19,6.1,3.4,87.4
37033,15.8,33.8,3.1,61.2
37035,14.1,8.4,8.4,78
37037,18.3,13.2,13,71.2
37039,22.9,1.3,2.5,92.3
37041,19.7,34.3,3.2,61.1
37043,23.6,0.6,2.4,95.2
37045,15,20.7,2.8,74.2
37047,15.2,30.5,4.6,60.4
37049,15.3,22.4,6.1,67.1
37051,9.5,36.7,9.5,47.2
37053,12.9,5.8,3,88.7
37055,15.2,2.5,6.5,88.6
37057,14.4,8.9,6.4,82
37059,16.6,6.3,6.1,85.5
37061,14.2,25.3,20.6,52.9
37063,9.8,38,13.5,42.1
37065,14.3,57.4,3.7,37.8
37067,13,26,11.9,58.7
37069,12.7,26.7,7.9,63.5
37071,13.2,15.3,5.9,75.8
37073,15,33.2,1.4,63
37075,19.7,0.2,2.2,89.6
37077,12.4,32.8,7.5,57.7
37079,12.5,37.3,14.3,47
37081,12.3,32.5,7.1,54.3
37083,16.2,53.2,2.1,39.4
37085,10.4,20.9,10.8,64.3
37087,21,1.1,3.4,93.8
37089,22.4,3,9.8,84.4
37091,15.8,60.5,2.6,34.4
37093,7.4,33.5,12.4,40.8
37095,15.1,31.6,7.1,59.1
37097,12.8,11.9,6.8,77.8
37099,15.1,1.8,5.1,81.4
37101,10.2,15.1,12.9,69.8
37103,17.3,32.4,3.9,61.2
37105,13.7,20,18.3,59.3
37107,16,40.5,6.6,51.3
37109,13.2,5.5,6.7,85.8
37111,16.4,3.8,5.3,88.9
37113,23.8,1.3,6.6,90.2
37115,17.7,1.2,2,95
37117,17.5,43.5,3.1,52.2
37119,8.8,30.8,12.2,50.6
37121,20.9,0.4,4.1,94.1
37123,15.7,18.8,14.1,64.3
37125,22.6,13.4,6,77.6
37127,14,37.2,6.3,54
37129,13.9,14.8,5.3,76.8
37131,19.6,58.4,1.4,38.9
37133,7.5,15.6,10.1,68.9
37135,9.6,11.9,8.2,70.8
37137,21.7,20,3.1,74.8
37139,13.6,37.8,4,55
37141,15.1,17.8,6.1,73.9
37143,21.5,24.9,2.1,71.4
37145,15.2,27,4,66.8
37147,9.9,34.1,5.5,57.1
37149,24.3,4.5,5.5,88.4
37151,14.1,5.8,10.4,81.3
37153,14.3,30.6,5.9,58.7
37155,11.2,24.3,8.1,27
37157,16.2,18.9,5.5,73.4
37159,14.4,16.2,7.7,73.7
37161,17.3,10.1,3.5,84.1
37163,14.3,27,16.5,53.2
37165,13.6,38.6,2.1,45.9
37167,15.7,10.9,3.6,82.3
37169,16,4,2.6,91.7
37171,16.6,3.7,9.7,85
37173,16.6,0.5,3.9,65.6
37175,25.8,3.9,2.9,90.8
37177,16.8,38.2,5.4,53.3
37179,9.7,11.7,10.4,74.6
37181,14.1,49.9,6.7,42.1
37183,8.5,20.7,9.8,62.2
37185,18.9,52.3,3.3,38
37187,18.2,49.8,3.5,45.3
37189,12.4,1.7,3.4,92.5
37191,13.1,31.4,9.9,55.6
37193,17,4.1,5.4,88.8
37195,14.2,39,9.5,49.4
37197,16.3,3.1,9.8,86
37199,20.6,0.8,4.6,93.5
38001,24.2,0.3,0.9,96.7
38003,19.6,0.8,1.1,95.8
38005,12.8,0,1.2,43
38007,19.3,0.3,0.5,98.5
38009,21.5,0.4,1.3,94.3
38013,20.9,0.2,1.9,96.1
38015,13.4,0.6,1.2,92.3
38017,9.7,2.3,2,90.5
38019,25.6,0.1,0.6,97.4
38021,22.1,0.7,1.9,95.4
38023,26.6,0.2,1.4,96.9
38025,17.4,0.2,1.1,84.4
38027,24.6,0.2,2.2,94
38029,27.4,0.1,1,97.7
38031,22.7,0.1,0.9,97.9
38033,21.3,0.6,2.1,96
38035,10.3,2,2.9,88.6
38037,26.9,0,0.3,97.1
38039,26.3,0.3,0.4,98.6
38041,25.8,0.2,0.5,95.8
38043,21,0.2,2.9,95.6
38045,24.7,0.1,0.8,97.9
38047,28,0.1,0.6,98.2
38049,20.7,0.1,1.5,96.7
38051,34,0.2,1.4,97
38053,14.2,0.1,2.2,74.6
38055,21.7,0.1,1.2,90.5
38057,15.8,0.2,1.4,94.9
38059,14.6,0.4,1.5,93
38061,13.7,0.2,3.7,64.3
38063,27.4,0.3,1.1,96.5
38065,16.7,0.2,1,96.5
38067,20.1,0.3,2.6,93.7
38069,23.6,0.5,1,93.7
38071,18.1,0.4,1.2,87.2
38073,19.9,0.3,1.2,96.8
38075,20.3,0.1,1,97.2
38077,14.9,0.7,1.7,94.1
38079,10,0.2,1,20.1
38081,19,0.1,1.3,97.1
38083,30,0.3,1.2,96.3
38085,7.1,0.2,2,12.4
38087,18.6,0,1.7,97.2
38089,16,0.8,1.9,94.1
38091,22.3,0.2,1,97
38093,17.1,0.7,1.7,94.8
38095,24.6,0.1,0.4,96.4
38097,18.7,0.5,2.6,94.7
38099,20.1,0.2,8.7,88.4
38101,13,2.5,3,88.7
38103,29,0.1,0.5,98.5
38105,14.9,0.3,1.9,90.9
39001,14.8,0.3,0.9,97.1
39003,14.8,11.9,2.4,82.5
39005,15.8,0.7,0.9,96.6
39007,15.6,3.5,3.4,90.8
39009,10.1,2.7,1.5,90.8
39011,15.4,0.3,1.2,97.1
39013,17.6,4,0.6,93.6
39015,14.4,0.9,0.6,97.2
39017,11.5,7.3,4,84.3
39019,16.7,0.5,0.8,97.3
39021,14.4,2.2,1.1,94.1
39023,16.2,8.8,2.8,85.3
39025,11.8,1.2,1.5,94.9
39027,13.5,2.2,1.3,93.9
39029,16.5,2.2,1.2,94.9
39031,16.2,1.1,0.8,96.6
39033,17.8,0.9,1.2,96.4
39035,15.5,29.7,4.8,61.4
39037,16.9,0.4,1.2,97
39039,15,1.9,8.7,88
39041,9.5,3.4,2.1,88.4
39043,17.3,8.6,3.4,84.9
39045,12.4,6,1.7,89.2
39047,15,2,1.8,93.8
39049,9.9,21.2,4.8,67.3
39051,14.1,0.4,7.8,90.3
39053,16,2.6,0.9,94.2
39055,15.5,1.3,1.1,96.1
39057,13.6,7.2,2.1,85.1
39059,16,1.5,0.9,95.5
39061,13.3,25.7,2.6,67.6
39063,14.3,1.5,4.5,90.8
39065,13.4,0.8,1.3,96
39067,18.2,2.1,0.5,95.6
39069,15.4,0.4,6.6,91.7
39071,15.2,1.4,0.7,96
39073,15.3,0.7,0.7,97
39075,11.3,0.3,0.8,98.2
39077,13.6,1,5.6,91.7
39079,14.1,0.6,0.8,96.6
39081,18.3,5.6,1.1,91.1
39083,14.8,0.8,1.2,96
39085,16.1,3.2,3.4,90.9
39087,15.6,2,0.7,95.4
39089,13.3,3.4,1.4,92.4
39091,14.7,1.6,1.2,94.6
39093,14.3,8.6,8.4,80.2
39095,13.1,19,6.1,71
39097,12.4,6.6,1.4,89.8
39099,17.9,15.7,4.7,77.6
39101,14.2,5.7,2.3,89.8
39103,13.1,1.2,1.6,95
39105,15.7,0.9,0.5,97.1
39107,15.4,0.2,1.5,96.7
39109,15.3,2,1.3,93.6
39111,19.4,0.4,0.4,97.8
39113,15.1,20.9,2.3,72.7
39115,17.3,2.9,0.6,92.8
39117,13.4,0.3,1.1,97
39119,15.3,3.8,0.8,92.5
39121,20.8,2.5,0.4,95.8
39123,19,0.8,4.2,93.6
39125,14.8,0.9,4.3,93.5
39127,12.9,0.3,0.5,97.5
39129,12.8,3.4,1.1,93.8
39131,14.7,0.9,0.7,96.2
39133,12.9,4.1,1.3,91.4
39135,15.2,0.4,0.6,97.2
39137,14.3,0.3,5.5,93.5
39139,16.3,9.4,1.4,86.5
39141,13.5,6.2,1,90.2
39143,15.3,2.8,8.9,86.2
39145,15.5,2.7,1.1,93.8
39147,14.8,2.3,4.4,91.2
39149,12.9,1.9,1.3,93.9
39151,16.2,7.6,1.6,87.7
39153,14.6,14.4,1.6,79.7
39155,17.4,8.3,1.3,88.1
39157,16.4,0.8,1.9,95.7
39159,9.5,2.4,1.3,92.1
39161,16.3,0.9,2.6,95.2
39163,14,0.3,0.5,97.5
39165,10.8,3.3,2.2,89
39167,17.5,1.1,0.7,96
39169,14.6,1.5,1.6,94.7
39171,16,1,3.7,93.7
39173,12.3,2.4,4.5,90.1
39175,16.3,0.2,2.2,96.1
40001,12.9,0.2,5.3,42.1
40003,20.2,4.1,4,87.3
40005,16.1,3.7,2.9,72.8
40007,15.5,0.8,20.1,76.5
40009,12.7,4,11.8,78.9
40011,14.4,2.6,24.1,62.9
40013,15.7,1.5,5,73.8
40015,14.7,2.8,10.1,59.5
40017,10.9,2.5,6.7,79.7
40019,14.9,6.7,5.3,72.5
40021,13.5,1.3,6.3,50.2
40023,18.1,10.9,2.8,63.7
40025,21.4,0.2,20.8,76.5
40027,10.2,4.2,7,75.7
40029,17.8,0.5,2.6,73.1
40031,10.2,17.5,11.2,58.9
40033,17,2.1,5.6,79.2
40035,17.4,3,2.5,65.6
40037,15,2.2,3.1,78.4
40039,13.4,3,13.9,73.4
40041,20.6,0.2,3,65.9
40043,19.9,0.3,4.8,86
40045,19.1,0.3,6,90.6
40047,15.3,3,8.8,80.5
40049,17.3,2.6,6.2,79
40051,13.7,2.4,4.6,83.6
40053,21.3,0.8,3.5,91.5
40055,17.4,7.1,9.8,78.4
40057,17.3,7.2,25.9,62.9
40061,17.6,0.4,3.3,73.3
40063,17.2,5.3,3.8,66.8
40065,12.9,7.5,20.9,65.8
40067,19.1,0.6,8.5,80.6
40069,16.6,1.9,3.9,71.7
40071,17,2.1,6.4,77.6
40073,15,1.1,13.4,80
40075,18.4,4.2,8.8,77.3
40077,17.4,0.7,2.6,69.2
40079,15.2,2.1,6.9,73.1
40081,15.3,1.8,2.4,84.6
40083,12.6,9.1,5.2,78.5
40085,17.2,1.8,11.8,76.3
40087,13.2,0.7,7,81
40089,15.5,8.7,4.7,65.8
40091,21.9,3.2,1.9,69.4
40093,19.2,0.4,7.5,88.1
40095,19.9,1.5,14,69.8
40097,15.7,0.4,2.7,66.9
40099,17.5,1.3,4.9,75.9
40101,14.7,11.3,5.2,58.3
40103,16.7,1.8,2.6,83.3
40105,18,2,2.3,67.8
40107,16.7,8.3,2.9,63.2
40109,12,15.4,15.1,59.3
40111,15.8,8.7,3.2,64.4
40113,15.3,11.4,2.9,64.7
40115,17,0.8,4.7,67.4
40117,16.4,0.7,2,79.7
40119,10.4,3.6,3.9,79.7
40121,17.5,3.3,3.9,71.9
40123,14.9,2.4,4.1,69.3
40125,14.3,2.9,4.1,74.4
40127,20.2,0.7,2.4,73.9
40129,17.7,0.4,4.5,87.3
40131,13.4,1,3.7,73.7
40133,16.1,4.6,3.5,67.2
40135,14.9,1.7,3.4,65.2
40137,17.3,1.9,6.2,82.5
40139,10.2,1.6,42,52.8
40141,17.7,7.7,22.3,64.6
40143,12.1,10.7,11,65.2
40145,12.5,3.7,4.8,73.4
40147,17.8,2.4,5,75.9
40149,17.1,0.7,8.1,85.9
40151,17.2,3.3,4.8,86.6
40153,14.2,1.6,10.6,82.8
41001,22,0.4,3.3,92.6
41003,12,0.9,6.4,83.6
41005,13.6,0.8,7.7,84.5
41007,16.6,0.5,7.7,87.2
41009,13.9,0.4,4,90.3
41011,21.4,0.4,5.4,87
41013,20,0.2,7,89.4
41015,28,0.3,5.4,88.7
41017,14.9,0.4,7.4,88.4
41019,21,0.3,4.7,89.5
41021,22.2,0.2,4.7,92.2
41023,23.6,0.2,2.8,93.4
41025,18.9,0.3,4,89.6
41027,12.6,0.5,29.5,65.8
41029,17.6,0.7,10.7,83.7
41031,15.3,0.6,19.3,61.8
41033,22.3,0.4,6.3,88.6
41035,17.1,0.7,10.4,81.1
41037,20.4,0.5,6.9,87.1
41039,15,1,7.4,84.7
41041,21.7,0.4,7.9,84.4
41043,15.4,0.5,7.8,87.1
41045,15,1.2,31.5,63.6
41047,12.9,1.1,24.3,68.7
41049,12.7,0.5,31.3,64.6
41051,10.5,5.6,10.9,72.1
41053,14.8,0.6,12.1,80.5
41055,21.8,0.2,5.6,91.6
41057,20.9,0.3,9,86.7
41059,12.7,0.8,23.9,69.4
41061,16.7,0.5,3.9,90.9
41063,23.2,0.4,2.2,94.5
41065,17.6,0.4,14.8,77.6
41067,10,1.8,15.7,69.7
41069,29.1,0,4.3,90.7
41071,13.4,0.9,14.7,79.1
42001,15.7,1.5,6,90.6
42003,16.8,13.2,1.6,80.6
42005,18.4,0.8,0.5,97.7
42007,18.6,6.3,1.2,90.4
42009,19,0.5,0.9,97.5
42011,14.5,4.9,16.4,76.9
42013,17.7,1.7,1,95.6
42015,17.8,0.5,1.1,96.7
42017,14.6,3.6,4.3,86.9
42019,15.1,1.1,1.1,95.9
42021,18.8,3.6,1.4,93.3
42023,21.4,0.3,0.4,98
42025,17.8,1.5,3.3,93.7
42027,11.3,3,2.4,87.9
42029,12.8,6.1,6.5,82.1
42031,16.4,1.2,0.6,96.8
42033,17.5,2.3,2.3,94.4
42035,16.2,1.6,1.1,95.9
42037,16.1,1.9,2,94.4
42039,16.6,1.7,0.9,95.7
42041,15.6,3.2,2.7,89.4
42043,13.7,18,7,69.9
42045,14.3,19.7,3,71.1
42047,19,0.3,0.6,98.1
42049,14.6,7.2,3.4,86.5
42051,18,4.6,0.8,92.9
42053,18.4,18,5.4,75.8
42055,16.5,3.1,4.3,90.2
42057,17.1,1,0.8,96.9
42059,15.3,3.3,1.2,94.1
42061,16.2,5.2,1.6,91.9
42063,15.7,2.7,1.1,94.4
42065,18.3,0.3,0.6,97.9
42067,16.8,0.6,2.5,95.7
42069,17.7,2.5,5,89.7
42071,15,3.7,8.6,84.9
42073,18.8,3.8,1,93.2
42075,17,2.2,9.3,86.9
42077,14.8,6.1,18.8,71.6
42079,17.9,3.4,6.7,88.2
42081,16.5,4.5,1.3,91.9
42083,17,2.4,1.7,94.5
42085,18.5,5.8,1.1,91
42087,18.5,0.6,1.1,96.8
42089,12.8,13.2,13.1,70.5
42091,15.1,8.7,4.3,79
42093,18.6,1.4,1.8,94.2
42095,15.7,5,10.5,81
42097,18.5,2,2.4,94.3
42099,13.7,0.6,1.3,96.6
42101,12.1,43.4,12.3,36.9
42103,16.2,5.8,9,82.9
42105,19.5,0.4,1,97.4
42107,18.1,2.7,2.8,93.2
42109,15.5,1.1,1.7,96
42111,18.6,2.4,1.1,95.5
42113,24.2,2.6,1.4,94.7
42115,18.1,0.4,1.3,97.1
42117,18,0.8,1,96.6
42119,14.8,7.4,5.2,85.2
42121,18,1,0.9,96.5
42123,18.7,0.4,0.7,97.6
42125,17.5,3.3,1.1,93.4
42127,19,3.1,3.4,92
42129,18.9,2.3,0.9,94.8
42131,16,0.7,1.5,96.4
42133,14,5.6,5.6,86.2
44001,16.7,0.8,2,94.3
44003,15.7,1.4,3.2,91.6
44005,17,3.5,4.2,87.9
44007,13.5,8.5,18.8,66.1
44009,15,1.2,2.4,92.4
45001,16.5,28.3,1,69.1
45003,15.4,24.6,4.9,67.8
45005,13.2,73.6,2.3,23.1
45007,15.1,16,2.9,78.8
45009,16,61.5,1.6,35.6
45011,14,44.3,1.8,51.8
45013,20.4,19.3,12.1,66.1
45015,10,25,6,63.9
45017,16.3,42.6,3,53.1
45019,12.8,29.8,5.4,62
45021,13.4,20.4,3.7,74
45023,14.6,37.4,1.4,59.1
45025,13.5,32.6,3.6,61.6
45027,16.8,50.1,2.6,46.2
45029,15.6,39,2.8,55.9
45031,14.3,41.6,1.7,55.3
45033,13,46.1,2.6,47.3
45035,10.1,25.8,4.4,65.5
45037,13.1,37.2,5.2,56.3
45039,14.9,59.1,1.6,38
45041,13.2,41.3,2.2,54.1
45043,19.8,33.6,3.1,62
45045,12.8,18.1,8.1,70.3
45047,15.1,31.4,5.4,61.3
45049,13.4,53.9,3.5,41.2
45051,17.1,13.4,6.2,77.3
45053,11.2,46,15.1,37.4
45055,14.3,24.6,3.7,69.7
45057,15.3,23.8,4.4,69.8
45059,15,25.4,4.1,69
45061,13.5,64.3,1.7,32.9
45063,12.2,14.3,5.5,77
45065,23.9,49.7,0.8,48.3
45067,14.7,55.9,2.4,40
45069,13.1,50.9,2.8,40.3
45071,15.9,31,7.2,60.5
45073,19,7.6,4.5,85.9
45075,14.8,62.2,1.9,33.7
45077,13.4,6.6,3.1,87.2
45079,9.8,45.9,4.8,45.3
45081,16.1,26.3,14.4,58.1
45083,13.4,20.6,5.9,70.1
45085,13,46.9,3.3,46.9
45087,16.5,31.3,1,66.1
45089,14.6,65.8,2,31.2
45091,11.3,19,4.5,72.7
46003,19.9,0.4,3.7,93.4
46005,17.3,0.8,7.7,85.8
46007,11.2,0.1,2,33.3
46009,19.1,1,1.8,88.9
46011,9.9,0.8,2,92.3
46013,16.1,0.5,1.4,92.6
46015,17.4,0.2,1.4,87.8
46019,15.7,0.2,3,92.6
46021,25.2,0.1,1.4,97.5
46023,17.7,0.1,1.7,64.6
46025,21.8,0.2,1.7,97.4
46027,10.2,1.3,2,90
46029,14.9,0.3,1.6,94.6
46031,10.4,0.1,2.6,29.7
46033,21.5,0.2,2.2,92.8
46035,16.9,0.4,1.5,93.8
46037,22.9,0.1,1.1,87.6
46039,19.2,0.3,2,96.7
46041,9.7,0.1,1.8,20.9
46043,24.2,0.4,0.8,96.3
46045,21.7,0.1,1.4,97
46047,23.1,0.7,2.2,87.4
46049,23.7,0.1,0.8,98.3
46055,21.7,0.2,0.9,94.1
46057,17.3,0.2,2.5,96.2
46061,14,0,0.5,98.4
46063,14.5,0.1,1.6,95.4
46065,13.4,0.5,1.8,85
46067,25,0.4,1.6,96.6
46069,22.6,0.1,1.1,88.9
46071,13.4,0.2,1.3,42.6
46073,25.1,0,4.1,94.6
46075,20.6,0.1,1.3,94.3
46077,21.8,0.1,1.4,96.9
46079,16.9,0.5,1.6,95.6
46081,16.6,0.4,2.5,92.7
46083,9,0.7,1.2,95.3
46085,14.6,0.1,1.1,58.1
46087,19,0.1,1.8,97
46089,29.8,0,1,97.8
46091,19.1,0.2,6.8,84.6
46093,11.9,1.3,3,90.2
46095,13.5,0.1,1.5,39.3
46097,22.3,0.1,1.3,97.1
46099,11.1,3.8,4.1,86.2
46101,15.2,0.5,1.7,80.6
46103,13.5,1,4,81.7
46105,23.1,0.1,0.7,96.7
46107,26.9,0.1,0.7,97
46109,17.3,0.1,1.2,61.5
46113,5.9,0,2.2,2.8
46115,20.1,0.3,1.1,96.6
46117,15.8,0.3,0.7,89.5
46119,19.2,0.1,0.9,96.4
46121,6.2,0.2,2.4,9.5
46123,21,0.1,1.1,82.8
46125,19,0.2,1.3,96.8
46127,14,0.7,2.1,94.5
46129,24,0.1,0.7,82.2
46135,16.3,1.5,2.7,91.6
47001,17.4,3.8,2.4,90.7
47003,12.9,7.9,11.3,78.5
47005,19.9,1.9,1.8,94.4
47007,15.4,3.7,2,92.7
47009,16.1,2.7,2.8,92.1
47011,14.1,4.3,4.7,88.5
47013,17.2,0.3,1.2,97
47015,16.1,1.2,1.5,95.6
47017,17.9,10.1,2.1,85.7
47019,17.1,1.3,1.5,95.5
47021,10.9,1.4,2.3,94.4
47023,14.6,9.2,2,86.6
47025,16,0.9,0.8,96.4
47027,20.1,1.3,1.6,95.7
47029,16.7,1.9,1.8,94.2
47031,15.8,3.5,3.8,90
47033,16.4,12.6,8.7,77.1
47035,26,0.3,2.3,95.8
47037,10.4,27.7,9.8,57.4
47039,20.7,2.9,2.6,93.1
47041,15.8,1.3,6.6,90.7
47043,13.3,4.1,3.2,90.4
47045,14.4,14.3,2.6,81
47047,14.9,28.1,2.2,68.2
47049,17,0.2,1.1,97.6
47051,17.3,5.1,2.5,89.7
47053,16.5,18.8,2,77.6
47055,16.7,10.2,1.6,85.5
47057,16,0.5,2.3,96
47059,17.4,2,2.5,93.9
47061,17.5,0.3,0.8,97.2
47063,15.9,4,10.7,82.9
47065,14.7,20.2,4.5,72
47067,17,0.4,0.2,97.9
47069,14,41.4,1.4,55.8
47071,18.5,3.4,1.9,92.6
47073,16.5,1.3,1.2,95.8
47075,13.7,50.4,3.8,44.8
47077,14.8,7.9,1.9,88.2
47079,19.7,8,1.7,88.2
47081,13.9,4.5,1.8,91.8
47083,17.8,2.3,1.5,94.1
47085,17.3,2.5,1.5,94.4
47087,17.7,0.3,1.4,96.8
47089,16.2,2,3.1,92.9
47091,17.7,2.1,1.5,95.2
47093,13.1,8.8,3.5,83.9
47095,13.7,27.7,1.7,69.1
47097,12.3,34.9,2,61.2
47099,16.1,1.5,1.6,94.8
47101,16.2,1.6,1.8,94.6
47103,16.6,6.8,2.7,88.1
47105,21.5,1.1,7,90.2
47107,16.9,4,2.8,90.4
47109,17.3,5.9,1.5,91
47111,14.1,0.4,4.1,94.2
47113,13.2,36.3,3.4,58.1
47115,15.9,3.6,1.3,93.2
47117,13.1,6.5,4.5,86.8
47119,12.9,12.5,4.8,80.2
47121,16,1,1.5,95.8
47123,16.4,2.1,3.3,92.4
47125,8,19.1,8,67.1
47127,18.4,2.3,1.1,94.9
47129,13.7,3.7,0.9,93.9
47131,16.8,10.6,3.1,84.8
47133,16.8,0.4,0.9,97.1
47135,18.7,1.5,1.7,94.8
47137,22.5,0.1,1.3,97.8
47139,17.1,0.3,1.4,96.7
47141,14.6,2,5.3,89.9
47143,15.7,1.9,3.7,92.1
47145,18.6,2.7,1.3,93.7
47147,11.8,7.4,5.9,84.7
47149,8.2,12.5,6.7,75.6
47151,13.7,0.1,0.5,98.1
47153,15.6,0.1,3.3,95
47155,15.5,0.8,5.3,91.6
47157,10.3,52.1,5.6,38.7
47159,13.6,2.1,2.2,93.9
47161,16.7,1.4,1.9,93.6
47163,18.6,2.1,1.5,94.4
47165,12.6,6.4,3.9,87
47167,11.1,18.7,2.1,76.7
47169,13.5,9.6,2.5,85.9
47171,19.7,0.2,3.8,94.7
47173,13.8,0.1,1.3,97
47175,17,0.4,0.9,97.5
47177,15.1,2.9,8.1,87.2
47179,15.3,3.9,3,90.2
47181,15.9,5.7,1.6,91.3
47183,15.3,7.8,2,87.7
47185,17.5,1.8,1.6,94.8
47187,9.7,4.3,4.5,86.7
47189,12.2,6.4,3.2,87.5
48001,12.6,21.1,15.9,61.2
48003,11.2,1.5,48.7,47.9
48005,13.6,15,19.8,63.3
48007,24.2,1.3,24.6,70.6
48009,16,0.4,7.5,90.4
48011,20.7,0.6,6.5,90.7
48013,12.7,0.8,61.9,36.3
48015,15.6,9.4,23.4,65.7
48017,14.1,1.2,59.8,38.3
48019,20.1,0.5,16.7,80.9
48021,11.5,7.8,32.6,57.2
48023,25.1,2,12.2,84.5
48025,10.8,8.1,56.2,34.4
48027,8.7,21.5,21.6,50.7
48029,10.3,7.5,58.7,30.3
48031,18.2,0.7,18.2,79.4
48035,21.1,1.6,16.1,80.7
48037,14.2,24.2,6.5,66.3
48039,9.6,12.1,27.7,53.2
48041,7.2,11,23.3,59.1
48043,16.6,1.1,42.4,54.3
48045,21.9,2.5,25.1,71
48047,17,0.5,91.2,7.9
48049,17.3,3.6,19.6,74.7
48051,17.5,12.2,18.4,68.1
48053,18.6,1.8,20.2,76.1
48055,11.8,6.8,47.1,44.2
48057,15.1,2.6,46.4,45.8
48059,18.2,1,7.6,89.1
48061,11.1,0.5,88.1,10.7
48063,16.1,17.4,21.4,58.9
48065,17.2,0.6,8.5,88.5
48067,19.1,17.4,3.5,77.2
48069,13.4,2,59.9,37.3
48071,9.4,8.2,18.9,70.6
48073,15,14.7,20.6,62.7
48075,15.1,9.9,26.8,61.5
48077,17.8,0.5,4.3,92.5
48079,14.9,4,52.9,42.5
48081,26,0.2,18.1,79.8
48083,21.7,2.2,16,80.1
48085,7.7,8.5,14.7,63.1
48087,17.9,4.4,30,63.4
48089,19.4,13.1,26.1,59.9
48091,15.5,1.6,24.9,71.3
48093,20.9,0.4,25.8,72.6
48095,13.7,1.9,53.2,44.3
48097,15.9,2.7,15.6,78.7
48099,7.5,15.8,15.9,62
48101,23.8,8.8,21,69.3
48103,11.3,2.9,55.1,40.3
48105,14.7,0.8,63.2,35.3
48107,17.5,3.4,52.3,43.3
48109,14.8,0.6,76.2,21
48111,9.4,1.3,40.5,55.6
48113,8.8,22.3,38.3,33.1
48115,14,6.5,53.4,39.1
48117,11.5,1.2,67.3,30.7
48119,19.8,7.3,5.5,83.2
48121,6.9,8.4,18.2,64.4
48123,18.3,9.3,32.4,57.1
48125,19.7,4.1,29,65.1
48127,14.2,1,86.2,12.2
48129,21.2,4.5,8.4,85.3
48131,16,0.9,88.5,10.2
48133,19.9,1.8,14.4,82.2
48135,10.2,4.5,52.7,41.1
48137,21.8,0.5,51.3,47.3
48139,10,9,23.5,65.5
48141,10.3,3.1,82.2,13.1
48143,12.6,1.2,19.2,77.5
48145,16.1,25.3,20.8,52.5
48147,17,6.8,9.5,80.9
48149,21.5,6.6,18.7,73.5
48151,22.2,3.4,25.1,70.4
48153,17.8,3.6,52.9,43.1
48155,23.9,4,14,81.4
48157,7.3,21.5,23.7,36.2
48159,18.7,3.9,12.6,81.1
48161,16.6,16.1,13.6,68.9
48163,11.2,3.4,77.8,16.2
48165,9,1.7,36.6,60.6
48167,11.3,13.8,22.4,59.3
48169,10.9,6.5,47.1,45.8
48171,26.5,0.4,20,78.4
48175,19,4.8,34.1,60.2
48177,15.1,7.4,47.2,44.6
48181,15.5,5.9,11.3,78.7
48183,13.5,20,16.4,60.8
48185,13.8,16.5,21.2,60.6
48187,11.6,6.5,35.6,54.8
48189,12.2,5.3,55.9,37.6
48191,22.6,7.2,32.4,59.6
48193,24.7,0.5,10.1,88
48195,13.6,0.6,43.3,55
48197,19.5,5.9,21.5,71
48199,13.5,5.8,4.4,88
48201,8.1,18.9,40.8,33
48203,13.3,21.9,11.1,65
48205,12.5,6.9,23.9,67.8
48207,21.8,3.7,24,70.3
48209,8.5,3.5,35.3,58.6
48211,12.9,0.2,28.5,69.8
48213,19.1,6.2,10.8,80.9
48215,9.3,0.6,90.6,7.8
48217,18.3,6.3,18.3,73.6
48219,12.8,3.6,43.6,51.4
48221,21.3,0.5,10.2,87.1
48223,15.5,7.1,15.3,75.4
48225,19.2,26,10,62.4
48227,13.2,6.2,37.9,53.7
48229,13.6,1.4,79.6,18.1
48231,13.9,8.3,13.6,74.8
48233,14.7,2.5,19.8,74.4
48237,14.9,3.8,14.2,80.6
48239,16.4,7,29,62.9
48241,16.6,16.7,5.6,75.4
48243,23.2,1,33.7,63.6
48245,12.7,33.8,17,44.6
48247,14.9,0.4,92.6,6.3
48249,13.1,0.6,79,19.7
48251,11.5,2.6,18.1,76.6
48253,13.7,11.6,24.8,62.1
48255,14,9.3,49.8,40.2
48257,10.3,10.4,17,70
48259,16.7,0.5,20.4,77.1
48261,14.2,1.2,76.7,20.7
48265,24.8,1.8,24,72.2
48267,22.8,0.4,23.4,74.9
48269,13.3,0,13.6,84.6
48271,24.3,1.5,55.7,41.6
48273,11.5,3.7,70.2,23.3
48275,21.2,5.8,29.6,63.1
48277,16.6,13.5,6.5,76.1
48279,15.9,4.3,51.7,43.1
48281,15.8,3.2,17.5,75.4
48283,12.4,0.5,86,13
48285,21.2,6.8,16,76.2
48287,15.8,10.9,22.4,65
48289,21.5,7.2,13.5,77.8
48291,11.2,10.8,18,69.2
48293,16.1,17.5,19.1,61.7
48295,14.7,0.8,30.5,67
48297,19.2,4.4,35.2,59
48299,31.1,0.6,8,89.6
48301,14.6,0,22,73.2
48303,11,7.5,31.9,57.3
48305,15.8,2.1,46.4,50.4
48307,19.9,1.9,29.9,67.2
48309,12.5,14.8,23.6,58.9
48313,13.9,19.9,19.7,58.8
48315,21.5,22,3.1,71.7
48317,12.3,1.6,43.5,53.7
48319,24.4,0.4,21.5,77.1
48321,14.3,11.4,38.3,47.4
48323,10.6,0.2,95.7,2.9
48325,13.5,2.2,49.7,46.5
48327,26.9,0.6,35.2,63.6
48329,11,6.6,37.7,53.2
48331,17.4,10,23.3,65.5
48333,23.5,0.5,16.6,81.5
48335,13.1,11.3,37,50.5
48337,19.7,0.3,9.8,88
48339,10.4,4.3,20.8,71.2
48341,9.6,1.5,52.7,38.2
48343,19.4,23,7.8,66.8
48345,27.1,2,13.5,83.7
48347,11.8,18.2,17.6,61.5
48349,14.4,13.8,23.8,59.9
48351,16.2,20.1,2.8,74.9
48353,16.6,4.7,33.5,60.4
48355,12,4,60.6,32.9
48357,10.3,0.4,48.7,49.5
48359,12.4,3,11.8,82.8
48361,14,8.5,5.8,83
48363,16.3,2.2,17.7,78.1
48365,15.6,16.3,8.3,73.6
48367,12.2,1.6,10.6,85.3
48369,11.9,1.2,60,38.4
48371,11.7,3.7,67.3,27.9
48373,19,11.5,13.1,72.3
48375,10.9,10.2,35.3,49
48377,17.8,0.6,83.4,14.5
48379,20.4,2.3,7.7,87.5
48381,12.5,2.4,16.4,78.2
48383,10.4,2.1,60.9,36.2
48385,25.8,0.7,24.6,72.5
48387,21.1,17.4,6.6,73.9
48389,12,5,74.2,19.5
48391,19.5,6.5,47.2,45.2
48395,16.7,21.6,18,59.1
48397,9.6,5.8,15.9,74.1
48399,19.5,1.8,32,65.1
48401,14,17.7,14.3,66.1
48403,26.8,7.2,3.2,87.5
48405,23.1,22.7,6,69.7
48407,17.3,10.3,10.9,76.6
48409,12.9,1.7,54.4,42.2
48411,19.2,3.3,28,67.4
48413,12.7,1.1,44.4,54.1
48415,14.1,4.7,36.3,57.8
48417,17.4,0.9,10.1,87.7
48419,15.7,17.4,16.4,65
48421,13.3,0.5,40.4,58.1
48423,14.2,17.9,17.2,62.1
48425,14.8,0.7,19.2,77.7
48427,10.3,0.1,95.7,4
48429,18.2,2.1,20.9,75.7
48433,23.7,2.6,14,80.9
48435,13.9,0.4,59.6,39.7
48437,17.1,7.2,40.1,51.2
48439,8.9,14.9,26.7,51.8
48441,13.2,7.4,22.1,67
48443,20.8,0.7,47.5,50.3
48445,14.4,4.8,49.1,45.4
48447,24.6,0.7,9.3,88.5
48449,11.5,9.6,39.6,49.2
48453,7.3,8.5,33.5,50.5
48455,22.4,9.4,7.7,81
48457,19,11,6.8,80.4
48459,15.7,8.7,6.6,82.1
48461,14.7,1.9,49,48
48463,14.8,0.6,69.3,29
48465,12.4,1.5,80.2,17.5
48467,18,2.7,9.2,85.8
48469,13.4,6.4,43.9,47.9
48471,10.3,22.5,16.8,58.5
48473,10.2,24.9,29,44.6
48475,14.8,4.9,47.6,46.2
48477,18.4,17.6,13.8,66.4
48479,7.8,0.5,95.7,3.3
48481,14.6,14.1,37.4,47.7
48483,18.4,2.1,24.8,71.1
48485,13.1,10.5,16.6,68.4
48487,15.6,8,25.9,63.4
48489,11.7,2.1,87.2,10.1
48491,8.9,6.2,23.2,63.8
48493,12.6,1.6,38.2,58.7
48495,11.8,2.2,53.8,42.5
48497,12.3,1.1,17.1,79.7
48499,24.2,4.7,8.5,84.9
48501,11.4,0.9,58.7,39.2
48503,18.4,1.3,16.4,80.6
48505,10.4,0.1,93.3,6.1
48507,12.1,0.8,93.9,5.5
49001,12.6,0.2,10.8,86
49003,11.1,0.3,8.3,88.3
49005,7.7,0.6,10,85.5
49007,13.6,0.4,12.4,84.1
49011,8.2,1.2,8.4,85.8
49013,10.7,0.2,6,87.1
49015,12.5,0.2,6,92.1
49017,16.1,0.4,4.5,91.6
49019,13.6,0.3,9.6,84.1
49021,9.8,0.5,7.7,87.1
49023,10.2,0.2,3.7,94
49025,19.5,0.2,3.7,93.2
49027,14.2,0.1,12.8,84.7
49033,15.2,0,4.2,94.1
49035,8.7,1.6,17.1,74
49037,10.9,0.2,4.4,43.9
49039,11.5,0.8,9.4,86.7
49041,14.5,0.2,4.5,92.9
49043,7.6,0.4,11.5,85.4
49045,7.5,0.7,11.4,84.5
49047,9.2,0.4,7.1,82.8
49049,6.5,0.5,10.8,84.2
49051,8.6,0.3,13.5,84.2
49053,17.3,0.6,9.8,85.6
49055,15.3,0.1,4.2,93.4
49057,10.1,1.4,16.7,78.1
50001,13.9,0.8,1.9,94.1
50003,18.8,0.8,1.4,95.7
50005,15.3,0.5,1.1,95.8
50007,11.3,2.1,1.8,91.3
50009,19.3,0.3,0.9,96.6
50011,12.2,0.4,1.2,94.9
50013,14,0.4,1.1,94.7
50015,13.3,0.6,1.3,95.7
50017,14.8,0.4,1,96.4
50019,17.7,0.6,1.1,96
50021,16.6,0.5,1.1,96.3
50023,14.5,0.7,1.7,94.9
50025,16.1,0.9,1.8,94.1
50027,17.8,0.6,1.2,95.5
51001,19.1,28.1,8.6,61.1
51003,14.3,9.7,5.5,77.9
51005,20.3,4.7,1.1,92.6
51007,15.8,23.1,2.3,72.8
51009,16.5,19,1.9,75.7
51011,17.4,20.1,1.1,76.7
51013,8.7,8.5,15.1,64
51015,16.1,4,2.1,92.2
51017,22.2,4.7,2.1,92.2
51019,16.2,5.7,1.6,90.3
51021,17.4,3.3,0.6,95.2
51023,16.4,3,1.1,94.2
51025,16.5,57.3,1.7,39.8
51027,16.1,2.6,0.4,96.3
51029,14.3,35.1,1.7,61.2
51031,15.8,14.2,1.7,81.3
51033,13.1,29.3,3.4,63.6
51035,19.4,0.6,2.6,95.9
51036,16.7,48.4,1.2,40.5
51037,18.7,29.8,1.9,66.6
51041,10.4,21.9,7.2,65.4
51043,16.3,5.3,3.5,88.3
51045,17.1,0.1,0.7,98.3
51047,12.2,15.8,8.9,71.7
51049,16.1,32.6,1.8,63.2
51051,16.7,0.3,0.5,98.4
51053,13.7,32.9,2.4,62.9
51057,17.4,38.1,3.1,56
51059,9.8,9.2,15.6,54.6
51061,12.7,8.2,6.4,81.9
51063,17.6,1.8,2.7,94.1
51065,15.7,15.3,3,79.1
51067,17.6,8.1,2.5,87.4
51069,12.7,4.1,6.6,86.3
51071,18,1.5,1.2,95.9
51073,14.7,8.7,2.5,85.7
51075,14.9,19.2,2.1,76.4
51077,21,2.1,2.7,94.2
51079,12.7,6.3,4.2,85.8
51081,12.6,59.8,1.4,37.8
51083,19.4,36.7,1.6,60.2
51085,13.1,9.3,2.1,85.5
51087,12.4,29.5,4.9,56.9
51089,19.7,21.9,4.7,71.5
51091,24.9,0.3,0.8,98.4
51093,14.6,24.7,1.9,70.8
51095,20.7,13.1,4.5,77.7
51097,17.3,28.4,2.6,65.5
51099,10.2,17.9,3.3,74.6
51101,12.4,17.7,2,76
51103,31.2,28,1,69.6
51105,16,3.7,1.6,93.4
51107,6.5,7.3,12.4,62.4
51109,14.5,17.7,2.3,77.1
51111,17.2,34.7,3.6,59.9
51113,17.5,9.8,1.8,85.6
51115,25.5,9.2,1.2,87.3
51117,20.7,36.8,2.5,58.7
51119,25.2,18,1.5,78.5
51121,9.8,3.9,2.7,85.9
51125,19.9,13.1,3.1,81.8
51127,12.1,13.5,2.1,80.3
51131,22.4,36.5,7.1,54.5
51133,30.1,25.3,3.1,70.1
51135,17.1,39.3,3.8,55.5
51137,18.1,12.7,3.4,80.7
51139,17.7,1.9,1.6,95.1
51141,21.5,5.9,2.4,90.2
51143,17.2,22.1,2.1,74.4
51145,12.1,13.6,1.8,82.8
51147,13.9,33.2,2.2,62.2
51149,10.4,32,5.8,58.3
51153,6.8,20.2,20.3,48.7
51155,17.9,5,1.2,91.7
51157,19.1,4.4,3.1,90.2
51159,18.2,30.3,5.5,62.2
51161,17.2,5,2.1,88.6
51163,20.7,2.7,1.3,93.8
51165,15.7,1.7,5.3,91.3
51167,16.4,0.8,1,97.4
51169,19.7,0.6,1,97.4
51171,18.5,1.7,6.1,90.2
51173,18.2,2,1.6,95.1
51175,15.2,37.2,1.1,60
51177,9.9,15.3,7.6,72
51179,7.3,17,9.2,67.8
51181,15.9,46.1,1.2,50.8
51183,14.5,58.1,2.2,38.6
51185,17.2,3,0.7,94.7
51187,12.7,4.6,3.5,88.7
51191,17.7,1.3,1.3,96.2
51193,20.9,28,5.7,63.5
51195,14.1,5.2,1.1,92.4
51197,17.8,2.8,1,94.6
51199,12.1,13.4,4.4,74
51510,9.1,21.8,16.1,53.5
51515,21.5,20.2,2.2,75.1
51520,19,5.7,1.2,90.3
51530,16.1,5.2,1.5,90
51540,9.2,19.4,5.1,66.3
51550,10.4,29.8,4.4,60.4
51570,19.6,10.2,3.9,80.5
51580,18.7,12.5,1.5,83.1
51590,19.1,48.3,2.9,46.7
51595,16.9,62.5,4.4,31.2
51600,13.7,4.7,15.8,61.4
51610,10.5,4.3,9,73.7
51620,17.2,56.9,1.6,38.8
51630,9.9,22.6,10.7,60.8
51640,20.2,6.2,14,78.1
51650,12.3,49.6,4.5,41
51660,8.2,6.4,15.7,72.4
51670,14.9,37,6.6,53.1
51678,15.3,9.7,3.8,82.5
51680,14,29.3,3,63
51683,6.9,13.7,31.4,47.6
51685,5.6,13,32.5,42.5
51690,19.2,45,4,48.5
51700,10.6,40.7,7.5,46
51710,9.4,43.1,6.6,44.3
51720,14.7,6.3,1.7,87.9
51730,15,79.1,3.8,15.1
51735,15.6,0.6,1.8,93.8
51740,13.2,53.3,3.1,40.3
51750,8.4,7.8,2.3,85.8
51760,11.1,50.6,6.3,39.1
51770,14.3,28.5,5.5,61.9
51775,17.1,7.1,2.4,87.3
51790,19.8,12.1,2.2,82.5
51800,11.5,42.7,2.9,50.9
51810,10.6,19.6,6.6,64.5
51820,17,10.6,6.4,79.5
51830,13.4,14,6.7,70.7
51840,14,10.9,15.4,69
53001,10.2,0.6,59.3,38.8
53003,19.3,0.4,3,92.6
53005,11.8,1.3,18.7,74.5
53007,15.4,0.3,25.8,70.7
53009,24.1,0.8,5.1,84.6
53011,11.5,2,7.6,81.8
53013,23,0.3,6.2,89.5
53015,15.4,0.6,7.8,85.8
53017,14.2,0.3,28.7,67.8
53019,18.9,0.3,3.4,75
53021,7.3,1.9,51.2,43.2
53023,22.3,0,4,92.8
53025,11.8,1.1,38.3,57.3
53027,16.3,1.1,8.6,81.4
53029,18.4,2.2,5.5,83.1
53031,26.3,0.8,2.8,89.3
53033,10.9,6.2,8.9,64.8
53035,13.3,2.6,6.2,79.1
53037,12.7,0.9,7.6,86.1
53039,17.8,0.2,10.7,83.8
53041,17.3,0.5,8.7,86
53043,20.8,0.3,2.3,93.6
53045,18.3,1.1,8,82.9
53047,17.2,0.4,17.6,68.3
53049,24.8,0.4,8,84.6
53051,19.1,0.4,3,89.8
53053,11,6.8,9.2,70.3
53055,23.2,0.3,5.4,90.2
53057,16.1,0.7,16.9,76.7
53059,14.4,0.4,5,89.6
53061,10.3,2.5,9,74.3
53063,12.9,1.7,4.5,86.7
53065,17.3,0.3,2.7,87.9
53067,13,2.7,7.1,78.9
53069,25.5,0.3,2.7,92.5
53071,14.9,1.8,19.7,74.2
53073,13.2,1,7.8,81.9
53075,9.5,1.7,4.6,82.1
53077,11.6,1,45,47.7
54001,16.6,0.7,0.6,96.5
54003,11.4,7.1,3.8,85.8
54005,14.2,0.5,0.4,98.3
54007,17.5,0.4,0.5,97.8
54009,19.1,1.2,0.7,96.6
54011,16,5,1.1,90.9
54013,18.2,0.2,0.7,97.9
54015,15.7,0.1,0.4,98.5
54017,16.2,1.4,0.5,96.6
54019,16.9,4.6,0.9,92.9
54021,13.7,12.3,5.7,80
54023,18.3,0.7,1,97.3
54025,19.3,2.8,1.2,93.9
54027,16.3,1,1,96.6
54029,18.8,2.3,1,95
54031,16.6,2.5,3.4,92.2
54033,16.5,1.6,1.3,95
54035,17.7,0.3,0.6,97.8
54037,11.8,6.6,4.7,85.2
54039,16.7,7.3,0.9,88.6
54041,17.9,0.5,0.6,97.5
54043,15.1,0.1,0.4,98.7
54045,15.2,2.1,0.7,96
54047,16.5,9.5,0.4,88.8
54049,16.9,3.3,0.9,93.7
54051,17.6,0.5,0.8,97.4
54053,17,0.6,0.4,97.4
54055,18,6.1,0.8,91.1
54057,17.3,2.8,0.7,94.8
54059,13.5,1.8,0.4,96.7
54061,10.2,3.6,1.8,89.7
54063,19.6,0.7,0.6,97.1
54065,18.3,0.6,1,96.6
54067,17.1,0.2,0.6,97.9
54069,18.5,3.7,0.8,92.6
54071,21.8,1.9,0.9,95.6
54073,16.1,1.3,0.8,96.7
54075,19.3,0.7,0.8,97.3
54077,15.7,1.1,0.7,97.1
54079,14.4,0.9,0.9,96.2
54081,16.1,8.2,1.3,87.8
54083,17.8,1.2,0.7,96.8
54085,17.2,0.2,0.5,98.3
54087,17.2,0.1,0.7,97.9
54089,19.3,4.8,1.4,92.2
54091,16.2,0.7,0.8,96.9
54093,21,0.2,0.6,98.4
54095,18.5,0.2,0.5,98.5
54097,16.7,0.7,1,96.9
54099,16.5,0.2,0.5,98.2
54103,19.5,0.1,0.5,98.4
54105,15.6,0.2,0.5,98.1
54107,16.9,1.1,0.9,95.9
54109,15.1,0.5,0.4,97.8
55001,23.5,3,3.8,91.1
55003,15.9,0.3,1.9,83.8
55005,18.2,0.9,1.9,95
55007,20.7,0.3,1.1,86.3
55009,11.6,2.2,7.3,83.7
55011,18.1,0.3,1.7,96.7
55013,23.1,0.5,1.3,91
55015,11.5,0.5,3.5,92.6
55017,14.3,1.6,1.3,94.6
55019,15.6,0.2,3.7,94.7
55021,14.6,1.3,2.5,94.4
55023,18.4,1.8,0.9,96.1
55025,10.3,5.2,5.9,81.9
55027,14.9,2.7,4,91.6
55029,22.5,0.5,2.4,95.3
55031,14.4,1.1,1.1,92.5
55033,12.1,0.5,1.4,94
55035,12.6,0.9,1.8,92.1
55037,21,0.2,0.8,96.9
55039,15,1.3,4.3,91.9
55041,20.3,0.8,1.5,82.2
55043,15.6,1.1,1.3,96.3
55045,14.9,0.4,2.8,95.3
55047,19.2,0.5,3.9,94.4
55049,13.8,0.4,1.4,96.7
55051,25.4,0.1,0.6,97.6
55053,16.2,2,2.5,88
55055,13.2,0.8,6.6,90.7
55057,17.5,2.1,2.6,92.7
55059,11.2,6.6,11.8,78
55061,16.5,0.3,2.3,95.9
55063,13.3,1.4,1.5,91.1
55065,15.4,0.2,3.1,95.6
55067,20,0.4,1.6,95.7
55069,18.3,0.5,1.2,96.6
55071,16.8,0.5,3.1,92.3
55073,14.2,0.6,2.2,90.3
55075,19.8,0.3,1.3,96.4
55077,21.1,0.5,2.5,95.4
55078,11.4,0.4,4.2,10.6
55079,11.5,26.8,13.3,54.3
55081,13.9,1.1,3.7,92.4
55083,16,0.2,1.4,96
55085,21.7,0.4,1.1,96
55087,11.8,1,3.6,89.6
55089,15.3,1.4,2.3,93.4
55091,17.9,0.3,1,97.8
55093,10.4,0.6,1.5,95.7
55095,16,0.2,1.5,96.1
55097,12.8,0.5,2.6,92.7
55099,21,0.3,1.1,96.5
55101,13.2,11.1,11.5,74.4
55103,18,0.5,2,96.1
55105,13.6,5,7.6,84.5
55107,20.1,0.4,1.2,96.8
55109,10,0.7,2,94.7
55111,15,0.6,4.3,92.5
55113,20.7,0.5,1.6,78.5
55115,18.3,0.3,2.2,88.1
55117,14.6,1.5,5.5,87
55119,16.1,0.3,1.5,97.2
55121,15.8,0.2,5.8,92.9
55123,16.7,0.4,1.3,97
55125,25.9,0.2,1.3,86.5
55127,13.5,1,10.3,86.8
55129,21.2,0.2,1.3,95.7
55131,13.5,0.9,2.6,94.3
55133,14.3,1.3,4.1,90.6
55135,18.1,0.3,2.5,95.7
55137,19.9,1.9,5.4,91.1
55139,13.4,1.8,3.5,90.7
55141,17.1,0.5,2.2,93.9
56001,8.7,1.2,8.8,84.8
56003,18.1,0.2,8.4,89.4
56005,5.7,0.3,7.8,88.9
56007,12.9,0.7,16.8,79.8
56009,12.8,0.3,6.3,91.3
56011,16.2,0.2,2,95.9
56013,14.5,0.3,5.6,71.5
56015,18.9,0.6,9.7,87.9
56017,22.6,0.2,2.2,94.6
56019,18.5,0.2,3.2,94.4
56021,12.5,2.5,13.1,80.8
56023,12.4,0.2,4.3,93.5
56025,12.4,0.9,6.9,89.1
56027,20.7,0.2,2.1,95
56029,17.5,0.2,4.8,92.5
56031,20.7,0.3,6.7,91.2
56033,15.6,0.4,3.5,93.1
56035,10.1,0.3,6.9,90.4
56037,8.3,1,15.3,80.9
56039,9.9,0.2,15,82.2
56041,8.9,0.3,8.8,88.5
56043,17.7,0.3,13.6,83.9
56045,15.9,0.3,3,93.8