countyFIPS,Rural Urban Code,Urban Influence Code,Poverty
1001,2,2,12.1
1003,3,2,10.1
1005,6,6,27.1
1007,1,1,20.3
1009,1,1,16.3
1011,6,6,30
1013,6,6,21.6
1015,3,2,17.2
1017,6,5,19.6
1019,6,6,15.9
1021,1,1,16
1023,9,10,22.6
1025,7,11,18.4
1027,9,10,16.6
1029,8,4,13.3
1031,4,5,15
1033,3,2,14.6
1035,7,11,22.2
1037,8,3,17.1
1039,6,6,17.2
1041,8,6,16.8
1043,4,3,12.2
1045,4,5,18.1
1047,4,5,26
1049,6,6,18.2
1051,2,2,11.4
1053,6,6,20.5
1055,3,2,18.8
1057,6,6,17
1059,6,6,16.1
1061,3,2,16.1
1063,8,6,31.7
1065,3,2,20.5
1067,3,2,17.2
1069,3,2,19.4
1071,6,5,14.7
1073,1,1,16.2
1075,8,7,15.3
1077,3,2,15.7
1079,3,2,17.7
1081,3,2,15.5
1083,2,2,12
1085,2,2,26.6
1087,6,6,29.3
1089,2,2,11.5
1091,7,11,24.8
1093,7,11,16.9
1095,4,5,15.7
1097,2,2,17.7
1099,7,11,23.3
1101,2,2,15.8
1103,3,2,13.7
1105,8,4,33.9
1107,3,2,24.3
1109,6,5,21.8
1111,6,4,17.5
1113,2,2,18.9
1115,1,1,11.2
1117,1,1,6.2
1119,8,6,36.4
1121,4,3,17.4
1123,6,6,16
1125,3,2,16.2
1127,1,1,17.3
1129,8,7,18.6
1131,9,10,32.5
1133,6,4,16.7
2013,9,12,14.8
2016,9,11,7.6
2020,2,2,9.5
2050,7,11,23.5
2060,9,12,9.8
2068,8,7,6.6
2070,9,12,18.1
2090,3,2,7.2
2100,9,12,9.8
2105,9,10,15.7
2110,5,8,6.3
2122,7,11,10.4
2130,7,8,9.4
2150,7,11,7.1
2158,9,12,26.8
2164,9,12,17.4
2170,2,2,9.6
2180,7,11,20.7
2185,7,11,11.4
2188,7,11,24
2195,9,11,6.7
2198,9,10,17.6
2220,7,11,8.1
2230,9,12,4
2240,9,12,12
2261,9,11,8.6
2275,9,12,9.7
2282,9,12,14.7
2290,9,12,24.4
4001,6,6,33.4
4003,3,2,16.6
4005,3,2,15.9
4007,4,3,21.1
4009,7,8,20.1
4011,7,9,9.3
4012,6,4,22.1
4013,1,1,12.2
4015,3,2,16
4017,4,5,25.2
4019,2,2,14
4021,1,1,12.1
4023,4,5,18.8
4025,3,2,12
4027,3,2,20.4
5001,6,6,15.8
5003,7,11,18.5
5005,7,8,12.7
5007,2,2,8.9
5009,7,8,15.1
5011,7,9,22.9
5013,9,8,15.4
5015,6,6,14.7
5017,7,9,31
5019,7,8,20.6
5021,7,9,18.7
5023,6,6,14.1
5025,3,2,13.7
5027,7,8,21.2
5029,6,6,15.6
5031,3,2,16.9
5033,2,2,18.3
5035,1,1,22.4
5037,6,4,17.8
5039,6,6,18.8
5041,6,6,25.4
5043,6,6,18.5
5045,2,2,14.4
5047,6,6,16.2
5049,9,9,17.7
5051,3,2,16.9
5053,2,2,12.1
5055,4,5,15.5
5057,6,6,18.5
5059,6,5,20.2
5061,6,6,16.8
5063,7,8,15.9
5065,9,10,15.9
5067,6,6,22.9
5069,3,2,24.4
5071,7,9,17.5
5073,8,7,25.5
5075,6,6,18.4
5077,7,9,35.4
5079,3,2,27.1
5081,3,2,17.8
5083,6,6,17.4
5085,2,2,10.7
5087,2,2,16.4
5089,9,10,16.3
5091,3,2,14.1
5093,4,3,23
5095,7,9,25.5
5097,8,7,19.9
5099,7,9,24.1
5101,9,8,18.1
5103,7,8,17.3
5105,2,2,16.5
5107,6,3,33.3
5109,9,10,16.9
5111,3,2,23.1
5113,7,11,20.2
5115,5,8,16.9
5117,8,7,15
5119,2,2,14.6
5121,7,9,17.3
5123,6,3,32
5125,2,2,9.6
5127,6,6,19.6
5129,9,10,22.4
5131,2,2,15.9
5133,6,6,17.7
5135,7,9,23.3
5137,9,9,19.3
5139,7,8,18.9
5141,8,6,19.9
5143,2,2,15.1
5145,4,5,15.4
5147,9,10,27.1
5149,6,5,15.6
6001,1,1,8.9
6003,8,4,17.2
6005,6,4,9.8
6007,3,2,16.1
6009,6,6,12.1
6011,6,4,12
6013,1,1,7.9
6015,7,8,17.9
6017,1,1,8.7
6019,2,2,20.5
6021,6,6,12.1
6023,5,8,19.1
6025,3,2,22
6027,7,11,11.7
6029,2,2,19
6031,3,2,16
6033,4,5,18.3
6035,7,8,16.5
6037,1,1,13.4
6039,3,2,17.6
6041,1,1,6.9
6043,8,7,15.1
6045,4,5,14
6047,2,2,17
6049,6,6,20.5
6051,7,11,10.1
6053,2,2,12.6
6055,3,2,7.4
6057,4,3,9.4
6059,1,1,9.5
6061,1,1,6.6
6063,7,12,13.2
6065,1,1,11.3
6067,1,1,12.6
6069,1,1,10.4
6071,1,1,13.3
6073,1,1,10.3
6075,1,1,9.5
6077,2,2,13.6
6079,2,2,11.6
6081,1,1,6.1
6083,2,2,12
6085,1,1,6.1
6087,2,2,10.6
6089,3,2,13.3
6091,8,7,12.7
6093,6,6,17.4
6095,2,2,9
6097,2,2,7.2
6099,2,2,13
6101,3,2,12.8
6103,4,5,16.3
6105,8,6,16.5
6107,2,2,18.9
6109,4,5,11.3
6111,2,2,8.2
6113,1,1,16.9
6115,3,2,15.2
8001,1,1,9.3
8003,7,11,19.6
8005,1,1,7.2
8007,7,10,10.8
8009,9,12,19.3
8011,7,12,34.4
8013,2,2,10.7
8014,1,1,4.1
8015,7,11,11
8017,9,12,13.7
8019,1,1,7.4
8021,9,12,19.9
8023,9,12,24.6
8025,8,7,40
8027,8,7,11.8
8029,6,6,15.1
8031,1,1,12.1
8033,9,12,12.8
8035,1,1,2.7
8037,5,8,7.9
8039,1,1,5.7
8041,2,2,8.8
8043,4,5,16.1
8045,5,8,9.6
8047,1,1,6.8
8049,7,10,8.1
8051,7,11,11.6
8053,9,12,8.9
8055,6,6,20
8057,9,10,12.6
8059,1,1,7.2
8061,9,12,13.5
8063,7,11,13.2
8065,6,4,11.4
8067,4,5,11.3
8069,2,2,10.3
8071,7,11,17.6
8073,8,7,17
8075,7,8,12.9
8077,3,2,11.2
8079,9,12,9.4
8081,7,8,12.2
8083,6,6,14.9
8085,4,5,13.2
8087,6,3,11.9
8089,6,6,24.2
8091,9,10,6.9
8093,1,1,8.6
8095,9,10,10.4
8097,7,8,6.2
8099,7,11,18.2
8101,3,2,17.8
8103,9,10,10.3
8105,7,11,14.4
8107,7,8,7.2
8109,9,12,25.4
8111,9,10,13.7
8113,9,12,9.9
8115,9,10,14.6
8117,5,8,6.4
8119,2,2,7.9
8121,9,10,11.8
8123,2,2,8.4
8125,7,11,12.8
9001,2,2,9
9003,1,1,10.8
9005,4,3,7.1
9007,1,1,7
9009,2,2,12
9011,2,2,7.8
9013,1,1,7.8
9015,2,2,11.5
10001,3,2,12.7
10003,1,1,10.4
10005,2,2,12.1
11001,1,1,14.1
12001,2,2,18.4
12003,1,1,14.9
12005,3,2,12.1
12007,6,4,21
12009,2,2,9.4
12011,1,1,12.3
12013,6,6,20.3
12015,3,2,11.4
12017,3,2,15.2
12019,1,1,8.3
12021,2,2,9.4
12023,4,3,15.6
12027,6,5,21.8
12029,6,7,22.2
12031,1,1,13.5
12033,2,2,15.5
12035,2,2,9.7
12037,6,6,19.2
12039,2,2,19.7
12041,2,2,15
12043,6,4,19.3
12045,3,2,14
12047,6,6,32.5
12049,6,3,22.1
12051,4,3,19.5
12053,1,1,12.4
12055,3,2,15.8
12057,1,1,13.5
12059,6,6,20.1
12061,3,2,11.5
12063,6,6,19.4
12065,2,2,17.6
12067,9,12,18
12069,1,1,10.9
12071,2,2,11.2
12073,2,2,20.8
12075,6,6,18.2
12077,8,7,23
12079,6,6,22.7
12081,2,2,11.3
12083,2,2,14.9
12085,2,2,8.9
12086,1,1,15.7
12087,4,3,9.9
12089,1,1,9
12091,3,2,10.6
12093,4,3,18.4
12095,1,1,12.6
12097,1,1,13.4
12099,1,1,11.4
12101,1,1,11.3
12103,1,1,11.4
12105,2,2,14
12107,4,3,22.4
12109,1,1,6.4
12111,2,2,10.5
12113,2,2,9.8
12115,2,2,7.8
12117,1,1,9.3
12119,3,2,8.9
12121,6,6,17.1
12123,6,6,19.9
12125,6,4,19.9
12127,2,2,13.1
12129,2,2,12
12131,3,2,10.8
12133,6,6,20.1
13001,7,9,20.9
13003,9,10,23.2
13005,7,9,19.2
13007,3,2,24.8
13009,4,5,22.9
13011,8,6,12.8
13013,1,1,9.7
13015,1,1,12.5
13017,7,8,22.8
13019,6,6,20.1
13021,3,2,23.2
13023,6,6,18.5
13025,3,2,16.1
13027,3,2,21.9
13029,2,2,7.8
13031,4,5,21.9
13033,2,2,23.6
13035,1,1,14.7
13037,8,7,35.9
13039,4,3,13.8
13043,7,9,23.1
13045,1,1,14.9
13047,2,2,10
13049,6,4,25.9
13051,2,2,14.8
13053,2,2,18.5
13055,6,5,17.4
13057,1,1,6.5
13059,3,2,25.7
13061,9,12,28.8
13063,1,1,16
13065,6,7,22
13067,1,1,8.3
13069,7,8,20.2
13071,6,5,21.9
13073,2,2,5.6
13075,6,6,21.4
13077,1,1,9
13079,3,2,15.3
13081,6,5,26.7
13083,2,2,13.5
13085,1,1,8.8
13087,6,5,23.4
13089,1,1,12.9
13091,6,6,20.6
13093,6,6,28.2
13095,3,2,27.6
13097,1,1,10.9
13099,6,6,27.3
13101,3,2,21.6
13103,2,2,9.1
13105,6,6,20.6
13107,7,9,20.9
13109,6,6,24.1
13111,8,4,12.1
13113,1,1,5.4
13115,3,2,16.4
13117,1,1,4.5
13119,8,6,17.3
13121,1,1,13.8
13123,6,4,14.6
13125,9,12,16.9
13127,3,2,15.4
13129,4,3,12.3
13131,6,6,21.7
13133,6,4,15
13135,1,1,9.2
13137,6,5,15.2
13139,3,2,13.5
13141,7,8,31.2
13143,1,1,14.4
13145,2,2,6.5
13147,6,6,14.6
13149,1,1,16.7
13151,1,1,8.1
13153,3,2,11
13155,7,9,20.5
13157,4,3,10.3
13159,1,1,12.4
13161,7,9,21.2
13163,6,7,25.1
13165,6,6,29
13167,7,8,24.2
13169,3,2,12.8
13171,1,1,14.8
13173,3,2,18.5
13175,5,8,23.9
13177,3,2,9.3
13179,3,2,14.5
13181,2,2,17.3
13183,3,2,14.2
13185,3,2,20.4
13187,6,4,14.5
13189,2,2,18
13191,3,2,18.7
13193,6,6,29.4
13195,3,2,15.6
13197,2,2,21.1
13199,1,1,22.2
13201,8,7,21.3
13205,6,6,30.7
13207,3,2,10.6
13209,9,8,19.4
13211,1,1,11.1
13213,3,2,14.5
13215,2,2,18.4
13217,1,1,11.2
13219,3,2,5.6
13221,3,2,12.8
13223,1,1,6.8
13225,3,2,19.8
13227,1,1,10.3
13229,6,5,16.4
13231,1,1,8.7
13233,4,3,16.2
13235,3,2,20.7
13237,6,4,15.1
13239,9,11,22.8
13241,7,10,13
13243,6,6,25.3
13245,2,2,21.7
13247,1,1,12.1
13249,8,5,15.9
13251,6,6,24.1
13253,6,6,22.6
13255,1,1,17.7
13257,7,8,15
13259,8,6,34.7
13261,6,5,26.7
13263,8,4,19.6
13265,8,7,22.5
13267,6,6,26.5
13269,8,7,22.9
13271,7,11,27.7
13273,3,2,28.2
13275,4,5,18
13277,5,8,21.5
13279,7,8,19.2
13281,9,12,12.7
13283,7,9,31.6
13285,4,3,19.2
13287,6,6,28
13289,3,2,19
13291,9,12,11.6
13293,6,3,19.1
13295,2,2,14.7
13297,1,1,10.8
13299,5,8,26.3
13301,8,7,26.5
13303,7,9,21.4
13305,6,5,18.4
13307,8,6,18.4
13309,9,9,34.2
13311,6,6,10.9
13313,3,2,12.7
13315,8,6,29.4
13317,6,6,19.6
13319,8,7,17
13321,3,2,20.3
15001,5,8,13.1
15003,2,2,7.9
15007,5,8,9.3
15009,3,2,10.7
16001,2,2,9.4
16003,9,12,12.7
16005,3,2,13.5
16007,9,11,11.8
16009,6,7,15.4
16011,4,5,11.1
16013,7,8,7.2
16015,2,2,11.6
16017,6,5,12.6
16019,3,2,9.3
16021,7,9,14.8
16023,3,2,14.6
16025,9,8,9
16027,2,2,10.1
16029,6,6,10.1
16031,7,8,12
16033,9,12,14.5
16035,6,6,13.5
16037,8,7,13
16039,6,5,14.1
16041,3,2,8.2
16043,6,5,12.7
16045,2,2,12.7
16047,7,9,15.1
16049,6,6,13.8
16051,3,2,9.2
16053,7,8,14.2
16055,3,2,10
16057,4,5,11.7
16059,7,11,13.5
16061,8,7,13.2
16063,9,8,11.2
16065,4,5,27.4
16067,7,8,11.3
16069,3,2,11.1
16071,8,7,11.3
16073,2,2,14.9
16075,6,5,11
16077,6,6,13.1
16079,6,7,19.1
16081,9,8,7.7
16083,5,8,11
16085,8,6,8.8
16087,6,6,13.4
17001,5,8,12.3
17003,3,2,24
17005,1,1,13
17007,2,2,8.9
17009,7,10,14.8
17011,7,8,11.2
17013,1,1,9.7
17015,7,9,11.1
17017,6,6,13
17019,3,2,19.9
17021,6,5,12.3
17023,6,6,10.8
17025,7,9,13.8
17027,1,1,7.5
17029,5,8,16.8
17031,1,1,13
17033,7,9,12.6
17035,9,8,10.1
17037,1,1,13
17039,3,2,11
17041,6,6,8
17043,1,1,6
17045,6,6,13.2
17047,9,12,11.8
17049,7,8,9.2
17051,6,4,15.1
17053,3,2,10
17055,4,6,16.4
17057,6,5,13.3
17059,8,7,19
17061,6,4,13.7
17063,1,1,5.6
17065,7,9,12.7
17067,7,8,12.3
17069,9,12,18
17071,9,8,11
17073,2,2,8.7
17075,6,4,11.6
17077,3,2,25.4
17079,7,9,9.9
17081,7,8,14.9
17083,1,1,10.4
17085,6,6,9.3
17087,8,6,12.9
17089,1,1,8.2
17091,3,2,12.7
17093,1,1,4
17095,4,5,18.6
17097,1,1,7.2
17099,4,3,12.2
17101,7,9,18.4
17103,6,3,12
17105,4,3,13
17107,6,5,12.8
17109,5,8,23.3
17111,1,1,5.4
17113,3,2,14.3
17115,3,2,16.7
17117,1,1,13.5
17119,1,1,10.9
17121,4,3,15
17123,2,2,9
17125,6,6,12.1
17127,7,8,15.9
17129,3,2,8.2
17131,2,2,8.1
17133,1,1,4.2
17135,6,4,16
17137,4,5,13.8
17139,6,6,8.6
17141,4,3,9.4
17143,2,2,14.8
17145,6,6,14.4
17147,3,2,6.5
17149,7,9,14.4
17151,8,7,16.9
17153,8,7,22
17155,8,5,7.6
17157,6,4,12.7
17159,7,11,13.1
17161,2,2,13.6
17163,1,1,13.3
17165,6,6,15.7
17167,3,2,12.2
17169,7,9,11.3
17171,9,8,11.2
17173,6,6,9.4
17175,2,2,11.2
17177,4,5,11.5
17179,2,2,8.2
17181,6,6,17.2
17183,3,2,16.8
17185,7,11,13.5
17187,6,6,11.4
17189,6,4,8.1
17191,7,9,13.1
17193,6,6,14.5
17195,4,5,11.4
17197,1,1,6.5
17199,3,2,13.4
17201,2,2,16.1
17203,2,2,6.1
18001,6,5,12.6
18003,2,2,10.5
18005,3,2,11.2
18007,3,2,8.7
18009,6,6,12.8
18011,1,1,6.9
18013,1,1,10.5
18015,3,2,8.7
18017,4,5,12.6
18019,1,1,9.7
18021,3,2,11.3
18023,6,3,11.3
18025,8,4,16.5
18027,7,8,11.3
18029,1,1,9.3
18031,6,3,9.6
18033,4,5,9.5
18035,3,2,21.5
18037,5,8,5.9
18039,3,2,9.6
18041,6,3,13.5
18043,1,1,10.6
18045,6,6,12.5
18047,6,4,9.2
18049,7,9,9.6
18051,6,6,9.3
18053,4,3,16
18055,6,6,13.5
18057,1,1,4.2
18059,1,1,5.2
18061,1,1,8.2
18063,1,1,4.9
18065,4,3,12.9
18067,3,2,12.2
18069,6,5,9.7
18071,4,5,10.1
18073,1,1,8.8
18075,6,6,12.5
18077,6,3,11.6
18079,6,5,11.6
18081,1,1,6
18083,5,8,12.7
18085,4,5,9
18087,6,6,7.5
18089,1,1,14.5
18091,3,2,13.4
18093,6,5,10.5
18095,1,1,13.1
18097,1,1,15.2
18099,6,5,10.9
18101,7,9,10.9
18103,6,5,13
18105,3,2,20.8
18107,6,3,12.1
18109,1,1,8.9
18111,1,1,9.5
18113,6,5,7.8
18115,1,1,9.6
18117,6,4,14.1
18119,3,2,12
18121,6,4,15.1
18123,6,6,12.1
18125,8,5,9.4
18127,1,1,8.1
18129,2,2,8.6
18131,6,4,11.2
18133,1,1,10.5
18135,6,6,13.3
18137,6,4,9.1
18139,6,4,11
18141,2,2,15.3
18143,1,1,13.6
18145,1,1,10.1
18147,8,7,8.7
18149,6,4,13.3
18151,7,8,8.6
18153,3,2,14.4
18155,8,4,14.5
18157,3,2,16.1
18159,6,4,7.8
18161,1,1,9.6
18163,2,2,14.4
18165,3,2,12.2
18167,3,2,20.8
18169,6,5,10.9
18171,8,7,9.4
18173,2,2,6.3
18175,1,1,12.1
18177,5,8,15.2
18179,2,2,7.4
18181,6,6,10.3
18183,2,2,7.7
19001,8,7,10.7
19003,9,12,12.5
19005,6,6,13
19007,7,9,19.3
19009,8,7,10.9
19011,2,2,7.8
19013,3,2,13.7
19015,6,5,8.7
19017,3,2,6.7
19019,6,6,9.5
19021,7,8,10.2
19023,8,7,10.5
19025,9,10,11.5
19027,7,11,8.2
19029,6,6,14.3
19031,6,6,7.8
19033,5,8,8.5
19035,6,6,10.2
19037,6,6,8.5
19039,6,6,11.7
19041,7,8,10.3
19043,8,7,11
19045,4,5,13.1
19047,7,11,12.5
19049,2,2,4.3
19051,9,8,11.5
19053,9,12,18.3
19055,6,6,8.6
19057,5,8,14.9
19059,7,8,7
19061,3,2,10.7
19063,7,9,11.4
19065,6,6,13.2
19067,7,9,11.7
19069,7,9,11.2
19071,8,6,11.6
19073,6,6,11.2
19075,3,2,5.5
19077,2,2,8.8
19079,6,6,9.1
19081,7,9,9
19083,6,6,10.6
19085,2,2,8.7
19087,6,6,11.7
19089,6,6,9.6
19091,7,9,10.8
19093,8,7,10.5
19095,6,6,6.7
19097,6,6,12.3
19099,6,5,8.4
19101,7,8,14.2
19103,3,2,16
19105,2,2,9.5
19107,8,7,11.4
19109,7,11,10.3
19111,5,8,15
19113,2,2,11.1
19115,8,7,9.2
19117,6,6,14.9
19119,8,6,7.4
19121,2,2,6.9
19123,7,8,10.8
19125,6,6,8.2
19127,4,5,13
19129,2,2,8.8
19131,7,9,9.3
19133,6,6,12.3
19135,7,9,10.7
19137,6,6,13.2
19139,4,5,10.1
19141,7,9,10.1
19143,7,9,9.3
19145,6,6,14.9
19147,7,9,11.1
19149,3,2,7.2
19151,9,10,10.1
19153,2,2,10.1
19155,2,2,11
19157,7,9,11.6
19159,9,12,15.1
19161,9,10,9.5
19163,2,2,11.8
19165,6,6,8.7
19167,7,11,7
19169,3,2,15.8
19171,6,6,13.1
19173,9,10,12.5
19175,6,6,12.1
19177,9,10,12.8
19179,5,8,14.2
19181,2,2,7.3
19183,3,2,9.1
19185,9,12,19.1
19187,5,8,12.1
19189,7,9,10.2
19191,7,11,8.6
19193,3,2,12.8
19195,9,8,9.8
19197,7,9,11
20001,7,11,17.3
20003,6,4,12.7
20005,6,3,13.8
20007,9,12,13.6
20009,7,8,13.4
20011,6,4,15.6
20013,6,6,15.4
20015,2,2,8.5
20017,9,10,11.4
20019,8,7,16.4
20021,6,6,15.4
20023,9,12,11.6
20025,9,10,12.4
20027,6,6,10
20029,7,9,13.5
20031,6,6,11.2
20033,9,12,11.6
20035,4,5,13.5
20037,4,5,18.5
20039,9,12,13.2
20041,7,9,9.8
20043,3,2,11.4
20045,3,2,15.1
20047,9,10,11.7
20049,8,7,19.4
20051,5,8,13.1
20053,7,9,9.6
20055,5,8,13
20057,5,8,13.8
20059,6,3,10.4
20061,4,5,11.7
20063,9,12,9.6
20065,9,12,11.8
20067,7,9,10.5
20069,9,10,7.6
20071,9,12,10.9
20073,6,6,14.9
20075,9,10,13.1
20077,8,7,14.2
20079,2,2,9.3
20081,9,10,9.7
20083,9,10,10.4
20085,3,2,10.9
20087,3,2,7.8
20089,9,12,13
20091,1,1,5.3
20093,9,8,10.4
20095,2,2,11.3
20097,9,10,12.1
20099,7,8,15.8
20101,9,12,10.3
20103,1,1,8.3
20105,9,10,12.1
20107,1,1,12
20109,9,12,10
20111,4,5,15.1
20113,7,8,7.2
20115,6,6,10.7
20117,6,6,9.4
20119,9,10,9.7
20121,1,1,6.8
20123,7,11,11.1
20125,5,8,15.7
20127,8,6,10.5
20129,9,12,11.7
20131,6,6,8.8
20133,7,9,15.7
20135,9,12,10.6
20137,7,11,11.6
20139,3,2,14.2
20141,9,12,13.5
20143,9,8,9.9
20145,7,9,14
20147,7,11,11
20149,3,2,7.2
20151,7,11,11.2
20153,9,12,14.2
20155,4,5,13.4
20157,9,12,12.2
20159,7,9,11.8
20161,3,2,20.9
20163,9,10,10.5
20165,9,10,12.2
20167,7,9,14.4
20169,5,8,12.3
20171,7,9,7.9
20173,2,2,12.6
20175,5,8,14.2
20177,3,2,9.8
20179,9,12,11.8
20181,7,11,12.5
20183,9,12,11.6
20185,9,10,13.7
20187,9,12,10.6
20189,7,9,9.7
20191,2,2,11.4
20193,7,11,9.1
20195,9,10,10.8
20197,3,2,6.9
20199,9,12,12.1
20201,9,12,9.5
20203,9,12,11
20205,7,10,13.3
20207,9,12,14.3
20209,1,1,20.6
21001,7,9,21.4
21003,3,2,16.8
21005,6,3,10.2
21007,9,8,15.5
21009,6,5,20.1
21011,8,5,19.4
21013,7,8,30.3
21015,1,1,7.1
21017,2,2,14.1
21019,2,2,20.6
21021,7,8,15.5
21023,1,1,14.1
21025,7,12,29.2
21027,8,7,18.3
21029,1,1,7.8
21031,3,2,18
21033,7,9,15.8
21035,7,8,16.5
21037,1,1,10.9
21039,9,10,15.5
21041,6,4,15.2
21043,6,6,20
21045,9,10,25.2
21047,2,2,18.9
21049,2,2,13
21051,7,10,32.6
21053,9,12,23.4
21055,7,9,19.2
21057,9,10,23
21059,3,2,15.4
21061,3,2,16
21063,9,12,27.7
21065,6,6,22.7
21067,2,2,15.4
21069,7,9,21.1
21071,7,11,27.4
21073,4,3,11.5
21075,9,8,25.6
21077,1,1,13.3
21079,6,6,15.7
21081,1,1,13.3
21083,7,8,17.9
21085,6,6,20.3
21087,8,7,18.6
21089,2,2,15.9
21091,3,2,12.2
21093,3,2,10.7
21095,7,10,31.1
21097,6,4,15.3
21099,8,7,20.1
21101,2,2,16.3
21103,1,1,14.7
21105,9,10,16.9
21107,5,8,18.1
21109,9,10,27.8
21111,1,1,14.2
21113,2,2,11
21115,7,11,25.8
21117,1,1,11.2
21119,9,12,30.5
21121,7,8,31.5
21123,3,2,15.4
21125,5,8,21.4
21127,6,7,23.4
21129,9,12,34.9
21131,9,10,32.3
21133,9,10,28.9
21135,8,7,23.2
21137,7,8,19.7
21139,9,8,12.2
21141,6,6,15.3
21143,9,9,14.5
21145,5,8,15.5
21147,9,10,34.5
21149,3,2,14
21151,4,5,17.7
21153,9,12,29.4
21155,7,9,16.8
21157,7,9,11.8
21159,9,12,34.4
21161,6,3,15.7
21163,3,2,11.4
21165,9,8,26.1
21167,6,6,13.8
21169,9,8,22.6
21171,8,7,21.7
21173,6,5,15.8
21175,9,11,26.5
21177,6,6,18.8
21179,6,3,10.5
21181,8,7,17.3
21183,6,6,15.6
21185,1,1,4.9
21187,8,4,15.7
21189,9,12,35.5
21191,1,1,12.4
21193,7,11,24.2
21195,7,11,24
21197,6,6,21.5
21199,5,8,22.5
21201,8,4,22
21203,7,8,21
21205,7,9,23.3
21207,9,10,22.6
21209,2,2,8.6
21211,1,1,9.4
21213,6,4,12.5
21215,1,1,7.3
21217,7,8,16.4
21219,8,7,17.1
21221,2,2,14.6
21223,1,1,11.9
21225,6,6,17.3
21227,3,2,15.4
21229,9,9,14.4
21231,7,9,23.8
21233,8,6,16.3
21235,7,8,22.6
21237,9,12,30.1
21239,2,2,8.3
22001,2,2,20.3
22003,6,6,21.6
22005,2,2,9.6
22007,6,4,18.8
22009,6,6,24.4
22011,6,5,14.3
22013,6,6,24.4
22015,2,2,16.4
22017,2,2,24.1
22019,3,2,18.9
22021,8,7,19.5
22023,3,2,13.7
22025,9,10,26.4
22027,6,6,32.5
22029,7,8,27.5
22031,2,2,18
22033,2,2,17.7
22035,7,11,38.4
22037,2,2,18.7
22039,6,6,28.6
22041,7,11,25.8
22043,3,2,18.6
22045,2,2,21.9
22047,2,2,18.7
22049,6,6,19.2
22051,1,1,14.6
22053,6,6,19.1
22055,2,2,16.6
22057,3,2,17.5
22059,6,6,16.9
22061,4,5,29.5
22063,2,2,12
22065,7,9,41.1
22067,6,5,31
22069,6,5,19.6
22071,1,1,23.5
22073,3,2,23.9
22075,1,1,15.1
22077,2,2,20
22079,3,2,18.3
22081,8,7,23.9
22083,6,6,25.1
22085,6,6,18.4
22087,1,1,19.2
22089,1,1,11.1
22091,2,2,19.6
22093,1,1,16.6
22095,1,1,16
22097,4,5,22.6
22099,2,2,18.7
22101,4,5,23.8
22103,1,1,11.5
22105,3,2,21.7
22107,9,10,28.9
22109,3,2,19
22111,3,2,19.4
22113,2,2,17
22115,5,8,15.3
22117,6,3,24.9
22119,2,2,29.6
22121,2,2,14.4
22123,9,10,21
22125,2,2,22.1
22127,6,6,23.4
23001,3,2,10.4
23003,7,11,15.5
23005,2,2,7.8
23007,6,6,12.6
23009,6,6,10.6
23011,4,5,11.5
23013,7,11,10.9
23015,8,7,11
23017,6,6,13
23019,3,2,12.4
23021,8,6,16.5
23023,2,2,8.6
23025,6,6,18.3
23027,6,6,13.7
23029,7,11,19.6
23031,2,2,7.9
24001,3,2,16
24003,1,1,5.8
24005,1,1,8.9
24009,1,1,5.7
24011,6,4,12.1
24013,1,1,5.1
24015,1,1,10.3
24017,1,1,6.4
24019,6,5,16.4
24021,1,1,5.7
24023,6,7,12.8
24025,1,1,6.7
24027,1,1,5
24029,6,4,12.4
24031,1,1,7.3
24033,1,1,8.7
24035,1,1,6
24037,3,2,7.7
24039,2,2,23.6
24041,6,3,8.7
24043,2,2,12.3
24045,2,2,16
24047,2,2,9.9
24510,1,1,20.4
25001,3,2,6.5
25003,3,2,11.2
25005,1,1,11.3
25007,7,8,7.3
25009,1,1,8.8
25011,4,5,9.3
25013,2,2,13.8
25015,2,2,11.1
25017,1,1,6.9
25019,7,11,5.5
25021,1,1,5.8
25023,1,1,7.4
25025,1,1,16.7
25027,2,2,9.4
26001,9,10,18
26003,7,10,12.6
26005,4,5,10.8
26007,7,8,13.9
26009,9,10,9.6
26011,8,7,17.2
26013,9,10,13.7
26015,2,2,7.8
26017,3,2,13.4
26019,9,8,9.6
26021,3,2,15.9
26023,6,5,13.2
26025,3,2,13.9
26027,2,2,14.8
26029,7,11,9.7
26031,7,11,14.9
26033,7,8,18.3
26035,6,6,19.6
26037,2,2,7.8
26039,7,12,14
26041,5,8,13.8
26043,7,8,9.9
26045,2,2,7.5
26047,7,11,9.2
26049,2,2,16.6
26051,6,6,13.5
26053,7,11,17.1
26055,5,8,7.2
26057,6,5,14.3
26059,6,5,15.3
26061,5,8,14.7
26063,7,11,13.7
26065,2,2,17.3
26067,4,5,11.5
26069,7,11,14.2
26071,7,9,13.7
26073,4,5,22.9
26075,3,2,13.7
26077,2,2,13.3
26079,7,8,13.9
26081,2,2,11.2
26083,9,8,10.3
26085,9,10,20.2
26087,1,1,10.1
26089,9,8,7.1
26091,4,5,11.8
26093,1,1,4.4
26095,7,10,19.2
26097,7,10,14.1
26099,1,1,8.6
26101,7,9,12.3
26103,5,8,11.8
26105,7,8,13.9
26107,6,5,19.9
26109,7,8,13.5
26111,3,2,9.7
26113,9,8,10.9
26115,3,2,10.2
26117,2,2,12.4
26119,9,10,14.4
26121,3,2,13.5
26123,6,6,15.7
26125,1,1,7.8
26127,6,7,14.8
26129,9,11,18.2
26131,9,10,13.3
26133,9,10,14.6
26135,9,12,15.4
26137,7,11,10
26139,2,2,7.8
26141,7,9,10.8
26143,7,11,15.3
26145,3,2,18.6
26147,1,1,10.4
26149,4,5,12.9
26151,6,4,13.6
26153,7,9,14.3
26155,4,3,10.9
26157,6,4,11.6
26159,2,2,13
26161,2,2,13
26163,1,1,19.8
26165,7,8,12.4
27001,8,4,12.5
27003,1,1,6.2
27005,6,6,10.2
27007,7,8,16.3
27009,3,2,8.6
27011,9,12,11
27013,3,2,15.2
27015,6,5,7.4
27017,2,2,9.1
27019,1,1,4.3
27021,9,8,11.4
27023,7,9,10.4
27025,1,1,6.2
27027,3,2,11.9
27029,8,7,11.5
27031,9,12,8.9
27033,7,9,10.8
27035,4,3,10.5
27037,1,1,6.3
27039,3,2,5.6
27041,6,5,6.3
27043,6,6,12.2
27045,3,2,9.4
27047,7,8,9.6
27049,4,3,7.1
27051,9,10,8.8
27053,1,1,9.7
27055,3,2,7.8
27057,7,9,11.2
27059,1,1,6.9
27061,6,6,11.2
27063,7,9,9.8
27065,6,4,10.1
27067,4,5,9.8
27069,9,12,9.2
27071,6,6,13
27073,9,12,9.5
27075,6,6,9
27077,9,12,9.2
27079,1,1,7.1
27081,9,10,10.1
27083,7,8,10.6
27085,6,3,6.3
27087,8,7,21.3
27089,8,7,7.5
27091,7,11,10.5
27093,6,4,7.9
27095,1,1,11.4
27097,6,4,8.9
27099,4,5,11.5
27101,9,10,8.5
27103,3,2,9.9
27105,7,8,11
27107,8,7,10.4
27109,3,2,6.7
27111,6,5,11
27113,6,6,9.8
27115,6,4,11.6
27117,6,6,11.1
27119,3,2,10.8
27121,8,6,8.9
27123,1,1,12.4
27125,8,7,9.9
27127,7,9,9.7
27129,8,4,10
27131,4,3,8.2
27133,6,6,8.7
27135,7,11,6
27137,2,2,12.8
27139,1,1,4.2
27141,1,1,5.5
27143,1,1,10.7
27145,3,2,11.2
27147,5,8,6.3
27149,7,11,11.9
27151,7,9,9.5
27153,6,6,11.8
27155,9,12,11.9
27157,3,2,8.4
27159,7,9,12.5
27161,6,4,8.9
27163,1,1,4.6
27165,6,6,10.1
27167,6,5,9.1
27169,4,5,11
27171,1,1,5.2
27173,9,9,9.6
28001,5,8,27.9
28003,7,8,17.3
28005,8,5,20.9
28007,6,6,24.1
28009,1,1,20.7
28011,7,8,36.6
28013,9,10,17.2
28015,9,8,17.2
28017,7,9,22.7
28019,9,10,20.9
28021,8,5,37.5
28023,9,8,23.2
28025,7,9,29.7
28027,7,8,38.2
28029,2,2,22.1
28031,8,6,21.3
28033,1,1,9.4
28035,3,2,23.3
28037,9,10,19.6
28039,6,6,16.6
28041,8,7,21.8
28043,7,8,20.3
28045,2,2,16.7
28047,2,2,17.5
28049,2,2,20.1
28051,6,6,33.8
28053,6,7,37.1
28055,8,7,35.8
28057,7,8,12.8
28059,2,2,15.1
28061,9,8,20.5
28063,8,7,28.9
28065,8,7,24.3
28067,4,5,23.8
28069,9,8,28
28071,4,3,17.5
28073,3,2,16
28075,5,8,21.5
28077,8,7,19.7
28079,6,6,23.8
28081,5,8,14.6
28083,5,8,35.7
28085,6,5,19.6
28087,5,8,17.2
28089,2,2,10.1
28091,6,6,23.8
28093,1,1,20.3
28095,7,9,17.9
28097,7,9,23.7
28099,7,9,21.7
28101,7,9,20.3
28103,7,9,29.2
28105,5,8,31.1
28107,6,4,22.8
28109,6,3,18.1
28111,3,2,19.9
28113,6,5,26.2
28115,7,8,15.9
28117,7,9,15.7
28119,6,4,35
28121,2,2,11.1
28123,6,6,19.7
28125,8,7,33.4
28127,2,2,17.8
28129,8,7,18.9
28131,6,6,18.5
28133,7,8,34
28135,7,9,37.9
28137,1,1,15.1
28139,6,4,16.2
28141,8,6,17
28143,1,1,28.1
28145,6,4,13
28147,9,10,21.7
28149,4,5,20.1
28151,5,8,33.7
28153,7,9,22.2
28155,9,10,17
28157,8,7,31.2
28159,7,9,25.4
28161,7,9,24.4
28163,2,2,36.4
29001,7,8,19.2
29003,3,2,8.9
29005,9,10,12.9
29007,6,5,16.3
29009,6,6,18.6
29011,6,6,15
29013,1,1,16.9
29015,7,10,16.7
29017,3,2,14.5
29019,3,2,17.2
29021,3,2,15.8
29023,5,8,22.5
29025,1,1,13.6
29027,3,2,11.6
29029,7,9,13.5
29031,3,2,14.6
29033,6,4,13.8
29035,9,10,19.8
29037,1,1,7.9
29039,6,6,17.9
29041,9,10,12.5
29043,2,2,10.4
29045,9,8,14.2
29047,1,1,9.1
29049,1,1,9.9
29051,3,2,10.6
29053,6,6,11.8
29055,6,4,15.6
29057,8,7,15.9
29059,2,2,17.8
29061,8,4,17.6
29063,3,2,14.6
29065,7,9,19
29067,6,6,18.7
29069,7,8,26.7
29071,1,1,9.3
29073,6,4,11.6
29075,8,7,11.5
29077,2,2,14.4
29079,7,11,18.7
29081,7,11,15.4
29083,6,4,17.3
29085,8,7,18.2
29087,8,7,11.8
29089,6,6,13
29091,7,8,20.8
29093,7,10,20.8
29095,1,1,13.7
29097,3,2,18.8
29099,1,1,8.4
29101,4,3,11.4
29103,9,10,16.7
29105,6,5,15.8
29107,1,1,10.7
29109,6,6,16.1
29111,9,8,16.6
29113,1,1,9.4
29115,7,11,18.9
29117,6,4,15
29119,2,2,18.5
29121,7,9,12.5
29123,6,6,16.7
29125,8,7,14.3
29127,5,8,13.9
29129,9,12,12.7
29131,6,6,15.1
29133,6,6,27.7
29135,3,2,11
29137,9,9,13.4
29139,6,4,13.3
29141,8,7,17.8
29143,7,9,22.5
29145,3,2,13.2
29147,6,5,17.8
29149,9,10,20.6
29151,3,2,9.1
29153,9,10,22.7
29155,7,9,26.9
29157,6,6,9.1
29159,4,3,12.9
29161,5,8,17
29163,6,4,17.6
29165,1,1,5.3
29167,2,2,19.6
29169,5,8,14.6
29171,9,10,15.7
29173,9,8,10
29175,6,5,16.5
29177,1,1,9.2
29179,9,12,21.7
29181,9,10,19.7
29183,1,1,4.6
29185,8,4,19.3
29186,6,4,9.7
29187,4,3,17
29189,1,1,9.3
29195,6,3,15.7
29197,9,8,20.8
29199,9,10,14.4
29201,4,5,17.9
29203,9,10,22.6
29205,9,10,15.8
29207,6,6,18.4
29209,6,5,15.4
29211,9,10,15.6
29213,4,5,12.6
29215,9,9,21
29217,7,11,17.1
29219,1,1,10
29221,6,4,22.4
29223,9,10,20.6
29225,2,2,16.2
29227,9,10,14.9
29229,6,6,19.6
29510,1,1,20.4
30001,7,11,14.5
30003,6,6,26.1
30005,9,12,21.3
30007,9,10,9
30009,3,2,10.1
30011,9,12,14.2
30013,3,2,14.2
30015,8,7,15.4
30017,7,11,13
30019,9,12,11
30021,7,11,11.8
30023,7,9,15.9
30025,9,12,9.7
30027,7,11,13.2
30029,5,8,9.4
30031,5,8,10.3
30033,9,12,16.4
30035,7,11,25.7
30037,3,2,19.7
30039,8,7,12.5
30041,7,11,15.7
30043,9,8,8
30045,8,7,14.5
30047,6,6,17.2
30049,5,8,9.4
30051,9,12,19
30053,7,9,17.4
30055,9,12,14.5
30057,9,10,9.7
30059,9,10,15.7
30061,8,7,15.6
30063,3,2,11.8
30065,8,7,16.5
30067,7,9,11.8
30069,9,12,14.8
30071,9,12,14.3
30073,7,11,17.5
30075,9,12,13.8
30077,6,6,16.3
30079,9,12,13.1
30081,6,6,11.2
30083,7,9,8.8
30085,7,9,24.3
30087,9,12,16.3
30089,8,7,16.7
30091,9,12,12.3
30093,5,8,15.3
30095,8,7,9.3
30097,9,12,10.3
30099,8,7,13.5
30101,7,11,15.8
30103,8,7,12.2
30105,7,11,12.8
30107,9,12,18.3
30109,9,12,11.3
30111,3,2,11.3
31001,4,5,10.6
31003,9,10,12.2
31005,9,10,13.6
31007,9,8,11.3
31009,9,10,15.9
31011,9,10,10
31013,7,11,10.3
31015,9,12,14.1
31017,9,12,11.6
31019,4,5,11.6
31021,8,7,10.1
31023,6,6,8.2
31025,2,2,5.3
31027,9,10,8.6
31029,9,12,9.1
31031,7,11,10.7
31033,7,11,10.1
31035,8,7,10.6
31037,7,9,8.2
31039,7,9,8.9
31041,7,9,11.8
31043,3,2,10.6
31045,7,11,16.4
31047,7,8,11.9
31049,9,12,11.2
31051,3,2,8.7
31053,4,5,9.5
31055,2,2,10.2
31057,9,12,13.4
31059,8,7,8.5
31061,9,10,14.3
31063,9,10,12.9
31065,9,12,12.2
31067,6,5,11.2
31069,9,12,15
31071,9,12,12.1
31073,9,8,8.9
31075,9,12,9.6
31077,8,7,12.5
31079,3,2,10.2
31081,3,2,6.5
31083,9,10,11
31085,9,10,15
31087,9,12,11.3
31089,7,11,11.1
31091,9,12,8.2
31093,3,2,10.1
31095,7,9,9.5
31097,8,7,11.2
31099,7,8,7.7
31101,7,9,11.1
31103,9,12,18.9
31105,8,7,12.2
31107,9,10,12.2
31109,2,2,10.7
31111,5,8,10.8
31113,9,8,8.9
31115,9,12,15.2
31117,9,8,12.6
31119,5,8,10.2
31121,3,2,11
31123,9,10,13.2
31125,8,7,10.3
31127,7,11,11.8
31129,9,12,11.2
31131,6,6,8.3
31133,9,10,13.1
31135,9,10,9.5
31137,7,9,10
31139,9,8,9.3
31141,5,8,9
31143,9,10,6.9
31145,7,11,12
31147,7,11,12.3
31149,9,12,13.9
31151,6,6,9.2
31153,2,2,5.9
31155,2,2,6.9
31157,5,8,13
31159,2,2,7.2
31161,9,12,14.5
31163,8,7,12.4
31165,9,8,15.9
31167,9,8,7
31169,9,12,10.8
31171,9,10,13.9
31173,8,7,24.9
31175,9,12,10.4
31177,2,2,6.8
31179,6,6,11.8
31181,9,10,12.3
31183,9,12,12.3
31185,6,6,9.4
32001,6,5,11.7
32003,1,1,13.3
32005,4,3,8.1
32007,5,8,11
32009,9,10,13.8
32011,9,8,9.9
32013,7,8,11
32015,7,9,10.9
32017,8,4,13.8
32019,4,5,10.2
32021,7,11,15.9
32023,4,3,16.1
32027,9,10,17.6
32029,2,2,7
32031,2,2,10.7
32033,7,11,13.7
32510,3,2,12.2
33001,4,3,8.6
33003,6,4,9
33005,4,5,9.7
33007,7,8,13.9
33009,5,8,9.2
33011,2,2,7.5
33013,4,3,6.4
33015,1,1,5.1
33017,1,1,8.8
33019,7,8,10.1
34001,2,2,11.3
34003,1,1,5.7
34005,1,1,5.7
34007,1,1,10.7
34009,3,2,9.8
34011,3,2,13.8
34013,1,1,13.8
34015,1,1,7.5
34017,1,1,13.7
34019,1,1,4
34021,2,2,11.9
34023,1,1,8.5
34025,1,1,6.2
34027,1,1,5.3
34029,1,1,9
34031,1,1,13.3
34033,1,1,11.4
34035,1,1,5.4
34037,1,1,5.2
34039,1,1,9.1
34041,2,2,7.1
35001,2,2,15.5
35003,9,10,20.6
35005,5,8,18.1
35006,6,5,25.5
35007,7,11,17
35009,5,8,18.7
35011,9,12,18.6
35013,3,2,23.8
35015,5,8,11.2
35017,7,8,18.1
35019,7,9,23.5
35021,9,12,15.4
35023,9,9,22.9
35025,5,8,15.1
35027,7,9,13.7
35028,6,5,3.5
35029,6,5,23.8
35031,5,8,30.1
35033,9,10,21.2
35035,4,5,20.1
35037,7,11,21.7
35039,4,5,22.2
35041,7,8,18.8
35043,2,2,10
35045,3,2,19.9
35047,6,5,23.8
35049,3,2,12.4
35051,6,6,27.6
35053,6,6,26
35055,7,8,18.2
35057,2,2,21.6
35059,9,11,20.3
35061,2,2,17.6
36001,2,2,11.7
36003,7,9,17.9
36005,1,1,26.2
36007,2,2,17.8
36009,4,3,14.7
36011,4,5,13.8
36013,4,3,16.3
36015,3,2,14.1
36017,6,6,13.7
36019,5,8,14.8
36021,6,3,10.1
36023,4,5,17.3
36025,6,6,12.6
36027,1,1,8.6
36029,1,1,13.3
36031,6,6,12.4
36033,7,8,18.1
36035,4,5,16.4
36037,4,3,10.5
36039,6,6,12.6
36041,8,7,9.8
36043,2,2,13.7
36045,3,2,14.6
36047,1,1,17.7
36049,6,6,12.4
36051,1,1,13.8
36053,2,2,9.8
36055,1,1,12.7
36057,4,5,15.9
36059,1,1,5.6
36061,1,1,14.1
36063,1,1,12.4
36065,2,2,14.6
36067,2,2,13.8
36069,1,1,8.1
36071,1,1,12.3
36073,1,1,13.2
36075,2,2,15.6
36077,7,8,16.2
36079,1,1,5.2
36081,1,1,11
36083,2,2,11.5
36085,1,1,9.1
36087,1,1,12.5
36089,4,5,18.9
36091,2,2,6
36093,2,2,12.1
36095,2,2,12.1
36097,6,7,15.7
36099,6,3,13.7
36101,4,3,15
36103,1,1,6.8
36105,4,4,16.1
36107,2,2,9.4
36109,3,2,16.9
36111,3,2,12
36113,3,2,10.1
36115,3,2,11.9
36117,1,1,11.4
36119,1,1,8.4
36121,6,4,9.9
36123,1,1,13.9
37001,3,2,14.6
37003,2,2,11.7
37005,9,10,16.9
37007,6,4,21.4
37009,7,10,14.6
37011,8,7,16.4
37013,6,5,17.6
37015,7,11,24.2
37017,6,6,21.2
37019,2,2,10.2
37021,2,2,12.2
37023,2,2,18.4
37025,1,1,7.9
37027,2,2,12
37029,8,3,7.6
37031,4,5,10.4
37033,8,7,16.2
37035,2,2,13.3
37037,2,2,8.7
37039,9,12,17.7
37041,6,4,18.5
37043,9,12,14
37045,4,3,19
37047,6,6,22.3
37049,3,2,13.8
37051,2,2,18
37053,1,1,8.8
37055,4,3,8.9
37057,2,2,15.2
37059,2,2,10.9
37061,6,6,17.7
37063,2,2,14
37065,3,2,21
37067,2,2,15.2
37069,1,1,11.6
37071,1,1,11.6
37073,1,1,14.7
37075,9,12,16.8
37077,4,3,14.6
37079,8,7,20.2
37081,2,2,16
37083,4,5,23.8
37085,4,3,15.6
37087,2,2,10.6
37089,2,2,10.6
37091,6,4,23
37093,2,2,16.9
37095,9,10,19.2
37097,1,1,8.2
37099,6,5,19.3
37101,1,1,12.5
37103,3,2,18.8
37105,4,5,14.2
37107,4,5,23.1
37109,1,1,9
37111,6,5,13.6
37113,7,9,14.3
37115,2,2,14.6
37117,6,6,20.6
37119,1,1,10.3
37121,7,10,14.8
37123,6,6,16.1
37125,4,5,11.3
37127,3,2,16.4
37129,2,2,13
37131,9,8,21.6
37133,3,2,12.5
37135,2,2,13.4
37137,3,2,15.9
37139,4,3,14.3
37141,2,2,11.5
37143,8,3,15
37145,2,2,15.4
37147,3,2,19.2
37149,8,7,12.1
37151,2,2,14.1
37153,5,8,25.8
37155,4,5,31.5
37157,2,2,18.4
37159,1,1,13.9
37161,4,5,18.5
37163,6,4,16.8
37165,6,5,28.5
37167,6,3,10.7
37169,2,2,13
37171,4,5,16
37173,8,7,16.1
37175,6,5,13.1
37177,9,8,25.4
37179,1,1,7.3
37181,4,3,18.5
37183,1,1,8
37185,8,4,21.7
37187,7,9,21.3
37189,5,8,21.4
37191,3,2,18.6
37193,6,3,15.2
37195,4,3,21.5
37197,2,2,13.9
37199,8,7,14.2
38001,9,12,10.7
38003,6,6,9.9
38005,9,12,23.3
38007,9,10,9.7
38009,9,10,9.7
38011,9,12,8
38013,9,10,8.8
38015,3,2,6.9
38017,3,2,11.4
38019,9,12,9.1
38021,9,10,10.6
38023,9,10,10.8
38025,9,10,9.8
38027,9,12,10
38029,8,7,13.7
38031,9,10,8.8
38033,9,12,12.1
38035,3,2,13.2
38037,8,7,14.9
38039,9,12,9.5
38041,9,10,12.5
38043,8,7,14.1
38045,9,10,12.2
38047,9,10,13.2
38049,9,8,12.1
38051,9,12,13.9
38053,9,10,7.4
38055,8,7,9.4
38057,7,11,7.7
38059,3,2,7.9
38061,9,10,9.5
38063,8,7,11.2
38065,3,2,10.6
38067,9,12,8.8
38069,7,9,11.6
38071,7,11,12.3
38073,8,7,8.7
38075,9,8,8.9
38077,6,5,12.4
38079,9,12,25.9
38081,9,10,7.5
38083,9,12,16.7
38085,3,2,32.1
38087,9,12,13.5
38089,7,8,8.5
38091,8,7,7.4
38093,7,8,10.8
38095,9,12,10.7
38097,8,7,8
38099,6,6,11.7
38101,5,8,9
38103,9,12,12.4
38105,7,8,6.4
39001,6,4,19.1
39003,3,2,12.9
39005,4,3,12.6
39007,4,3,18.7
39009,4,3,26.6
39011,4,5,7.3
39013,3,2,11.6
39015,1,1,12.1
39017,1,1,11.7
39019,2,2,11.3
39021,6,3,7.7
39023,3,2,14.6
39025,1,1,8.2
39027,6,3,14.8
39029,4,3,13.2
39031,6,3,12.5
39033,4,3,14.7
39035,1,1,16.2
39037,6,5,12.1
39039,4,5,8.8
39041,1,1,4.8
39043,4,3,11.6
39045,1,1,8.1
39047,6,3,13.6
39049,1,1,13.5
39051,2,2,6.9
39053,6,5,16.5
39055,1,1,5.5
39057,2,2,9.9
39059,6,5,15.5
39061,1,1,14.6
39063,4,5,9.3
39065,6,6,13.9
39067,6,6,14.5
39069,6,6,7.5
39071,6,4,15.6
39073,1,1,15
39075,7,9,9.2
39077,4,3,10
39079,7,8,17.2
39081,3,2,17.1
39083,4,3,11.3
39085,1,1,8.3
39087,2,2,16.2
39089,1,1,9.3
39091,6,3,10.5
39093,1,1,13.9
39095,2,2,18
39097,1,1,9.6
39099,2,2,18.4
39101,4,3,14.8
39103,1,1,5.5
39105,6,6,15.8
39107,7,8,6.7
39109,2,2,8.8
39111,8,7,14
39113,2,2,15.3
39115,6,4,15.7
39117,1,1,8.5
39119,4,3,15.3
39121,7,10,14.2
39123,4,5,8.1
39125,6,6,9.8
39127,1,1,15
39129,1,1,11.5
39131,7,9,19.1
39133,2,2,11.9
39135,6,4,8.9
39137,6,6,7.2
39139,3,2,13.5
39141,4,3,15.2
39143,4,5,9.6
39145,4,5,21.9
39147,4,5,12.1
39149,4,5,9.1
39151,2,2,13
39153,2,2,14.2
39155,2,2,15.4
39157,4,5,11.2
39159,1,1,5.4
39161,6,5,8.5
39163,8,4,18.7
39165,1,1,4.5
39167,4,5,11
39169,4,3,9.9
39171,6,6,9.3
39173,2,2,11.2
39175,7,9,7.5
40001,6,6,23.6
40003,9,10,15.8
40005,9,9,19.2
40007,9,10,10.6
40009,7,8,20.8
40011,6,4,14.9
40013,6,5,17.3
40015,6,4,20.6
40017,1,1,8.1
40019,5,8,14.3
40021,6,5,21.4
40023,7,9,22.5
40025,9,10,17.8
40027,1,1,11.7
40029,9,10,18.1
40031,3,2,17.6
40033,3,2,18.6
40035,6,6,18.2
40037,2,2,13.7
40039,7,8,15.8
40041,6,6,17.5
40043,9,10,11.6
40045,9,10,13
40047,5,8,12.7
40049,6,4,15.6
40051,1,1,12.1
40053,9,10,11.2
40055,7,9,24.1
40057,9,10,23.7
40059,9,10,11.1
40061,6,6,20.2
40063,7,9,21.4
40065,7,8,17.3
40067,8,7,20.8
40069,9,9,21
40071,5,8,16.1
40073,6,4,8.9
40075,6,6,21.9
40077,7,9,18.5
40079,2,2,20.5
40081,1,1,13.9
40083,1,1,12.4
40085,9,9,13.4
40087,1,1,7.1
40089,7,11,21.9
40091,6,6,19.7
40093,9,9,13.4
40095,6,6,18.2
40097,6,6,17.7
40099,7,9,14.9
40101,4,5,22.7
40103,6,4,12.3
40105,6,6,15
40107,6,4,27.4
40109,1,1,14.9
40111,2,2,18.7
40113,2,2,14.9
40115,6,5,18.5
40117,2,2,15.2
40119,4,3,23
40121,5,8,19.7
40123,7,8,13.9
40125,4,3,14.8
40127,9,12,23.9
40129,9,10,13.4
40131,2,2,10.4
40133,7,9,22
40135,2,2,21.6
40137,4,3,14.8
40139,7,8,14.7
40141,6,6,20.4
40143,2,2,14.3
40145,2,2,8.2
40147,4,5,12.9
40149,7,9,12.6
40151,7,9,15.2
40153,7,8,12.2
41001,7,11,13.6
41003,3,2,16.5
41005,1,1,7.2
41007,4,3,12
41009,1,1,8.6
41011,5,8,15.6
41013,6,5,10.9
41015,7,8,13.4
41017,3,2,9.2
41019,4,5,11.8
41021,9,12,10.9
41023,9,12,15.3
41025,7,11,14.2
41027,6,3,8.4
41029,3,2,13.6
41031,6,6,15
41033,3,2,15.9
41035,5,8,16.7
41037,7,12,17
41039,2,2,13.9
41041,5,8,14.6
41043,3,2,12.6
41045,6,5,21
41047,2,2,12.2
41049,6,5,12.7
41051,1,1,12
41053,2,2,9.4
41055,9,10,12.5
41057,6,4,12
41059,4,5,13.9
41061,7,8,13.6
41063,9,10,12.3
41065,6,3,12.2
41067,1,1,8.2
41069,9,10,17.7
41071,1,1,10.6
42001,3,2,7.6
42003,1,1,10.8
42005,1,1,11.1
42007,1,1,11.7
42009,6,6,10.4
42011,2,2,10.2
42013,3,2,14.9
42015,6,5,14.3
42017,1,1,5.7
42019,1,1,7.8
42021,3,2,14.9
42023,7,10,14
42025,2,2,9.8
42027,3,2,15.9
42029,1,1,5.9
42031,6,4,14.1
42033,4,5,13.7
42035,4,5,13.4
42037,3,2,14.7
42039,4,5,12.6
42041,2,2,7.2
42043,2,2,11.3
42045,1,1,9.9
42047,7,9,9.8
42049,2,2,16.6
42051,1,1,17.5
42053,9,9,26
42055,3,2,8.1
42057,8,7,12.2
42059,6,4,14.2
42061,6,5,13
42063,4,3,14
42065,7,9,16.4
42067,6,7,10.4
42069,2,2,14.2
42071,2,2,10.5
42073,4,3,12.3
42075,3,2,10.4
42077,2,2,11.5
42079,2,2,15.2
42081,3,2,13.6
42083,7,8,14.6
42085,2,2,13.1
42087,4,5,13.3
42089,3,2,12.2
42091,1,1,6
42093,3,2,9.1
42095,2,2,7.9
42097,4,5,13.3
42099,2,2,8.9
42101,1,1,23
42103,1,1,9.2
42105,9,9,11.7
42107,4,5,11.7
42109,7,8,10.3
42111,4,3,12.5
42113,8,7,12.9
42115,6,7,11.3
42117,6,6,13.4
42119,4,5,12
42121,4,3,12.5
42123,6,5,13.5
42125,1,1,9.9
42127,6,4,12.4
42129,1,1,10.5
42131,2,2,9.9
42133,2,2,9.2
44001,1,1,6.8
44003,1,1,8.1
44005,1,1,8.5
44007,1,1,14
44009,1,1,8
45001,6,5,14.8
45003,2,2,12.5
45005,6,6,30.2
45007,2,2,12.9
45009,7,9,24.2
45011,6,6,24.9
45013,3,2,10.2
45015,2,2,10.7
45017,2,2,18.2
45019,2,2,11.7
45021,4,5,16
45023,1,1,17.7
45025,6,4,19.9
45027,6,6,25.1
45029,6,6,21
45031,3,2,19.6
45033,6,6,26.8
45035,2,2,9.3
45037,2,2,15.7
45039,2,2,19.1
45041,3,2,17
45043,4,5,17.5
45045,2,2,10.7
45047,4,5,18
45049,6,6,23.2
45051,2,2,12.7
45053,3,2,17.2
45055,2,2,13.8
45057,1,1,11.8
45059,2,2,19.1
45061,6,6,25.4
45063,2,2,11.9
45065,8,6,18.1
45067,6,6,24.9
45069,6,5,28.9
45071,6,5,14
45073,4,5,13.1
45075,4,5,26.3
45077,2,2,15.3
45079,2,2,16.2
45081,2,2,16.1
45083,2,2,12.9
45085,3,2,17.8
45087,2,2,19.9
45089,6,6,27.8
45091,1,1,8.6
46003,9,10,10.2
46005,7,8,12.9
46007,9,12,31.6
46009,9,10,14.1
46011,5,8,11.9
46013,5,8,9.4
46015,9,12,12.6
46017,9,12,39.8
46019,6,6,12.9
46021,9,12,10.5
46023,9,12,21.2
46025,9,10,12.1
46027,6,5,19
46029,5,8,9.7
46031,9,12,40.3
46033,3,2,9.6
46035,7,8,11.7
46037,9,10,13.2
46039,9,10,8.7
46041,9,12,27.6
46043,9,10,11.2
46045,9,8,10.7
46047,6,6,13.9
46049,9,10,15.7
46051,7,9,9.1
46053,9,12,15.5
46055,8,7,11.4
46057,9,10,8.9
46059,9,10,10.3
46061,8,5,7.9
46063,9,12,11.9
46065,7,8,8.9
46067,8,7,10.5
46069,9,10,11.5
46071,8,7,29.9
46073,9,10,16.3
46075,9,10,12.9
46077,9,10,8.5
46079,6,6,9.5
46081,6,5,12.4
46083,3,2,3.8
46085,9,10,21.1
46087,3,2,9.2
46089,9,10,19.5
46091,9,10,11.8
46093,3,2,8.7
46095,9,12,33.3
46097,8,7,10.5
46099,3,2,8.7
46101,8,7,8.7
46102,6,6,40.1
46103,3,2,12
46105,8,7,14.5
46107,9,10,10.4
46109,9,10,19.6
46111,9,10,12.6
46115,9,10,11.5
46117,9,8,7.7
46119,9,8,8.2
46121,9,12,43.4
46123,7,11,18.8
46125,3,2,10.1
46127,3,2,6.3
46129,7,11,15.1
46135,7,8,10.1
46137,8,7,47.7
47001,2,2,15.3
47003,4,3,13.9
47005,7,9,17.6
47007,8,7,27.3
47009,2,2,10.5
47011,3,2,14.5
47013,2,2,21.9
47015,1,1,13
47017,6,6,16.8
47019,3,2,19.3
47021,1,1,9.6
47023,3,2,14.8
47025,6,6,19.7
47027,9,10,20.1
47029,6,5,22.8
47031,4,3,14.4
47033,3,2,15.8
47035,4,5,13.3
47037,1,1,12.6
47039,9,12,16
47041,6,4,18
47043,1,1,10.1
47045,5,8,17.3
47047,1,1,11.2
47049,9,10,20.9
47051,6,5,13.9
47053,4,6,14.3
47055,6,4,13.4
47057,2,2,17.1
47059,4,5,15.9
47061,8,7,21.4
47063,3,2,14.4
47065,2,2,12.7
47067,8,7,26.4
47069,6,4,19.2
47071,6,6,17.5
47073,2,2,18.1
47075,6,4,20.7
47077,6,6,15.8
47079,7,8,18.3
47081,1,1,16.3
47083,8,4,17.8
47085,6,4,13.1
47087,8,3,17.1
47089,3,2,12.5
47091,6,6,25.2
47093,2,2,13.4
47095,9,9,35.5
47097,6,4,19.3
47099,6,3,16.7
47101,6,4,15.2
47103,6,6,12.8
47105,2,2,9.7
47107,4,5,14.5
47109,6,6,17
47111,1,1,15.5
47113,3,2,17.6
47115,2,2,15.3
47117,6,3,13.1
47119,1,1,8.5
47121,8,7,16.1
47123,6,6,16.5
47125,2,2,12
47127,9,8,10
47129,2,2,22
47131,7,8,14.6
47133,7,8,17.1
47135,8,4,14.4
47137,9,10,17.8
47139,3,2,15.3
47141,4,3,16.1
47143,6,5,15.4
47145,2,2,14.6
47147,1,1,10.5
47149,1,1,10
47151,6,6,22
47153,2,2,17.4
47155,4,5,12.9
47157,1,1,17.2
47159,1,1,15.3
47161,8,7,12.9
47163,2,2,15.1
47165,1,1,8.6
47167,1,1,10.5
47169,1,1,15.8
47171,3,2,15.8
47173,2,2,18.3
47175,9,10,15.5
47177,6,3,15.9
47179,3,2,15.8
47181,8,6,17.3
47183,7,8,17.7
47185,7,9,16
47187,1,1,4.3
47189,1,1,7.4
48001,7,8,19.8
48003,6,5,10.2
48005,5,8,15.6
48007,2,2,18.7
48009,3,2,10.3
48011,2,2,10.6
48013,1,1,14.7
48015,1,1,11.1
48017,7,9,15.9
48019,1,1,12.9
48021,1,1,14
48023,8,6,15.9
48025,6,5,24
48027,2,2,13.8
48029,1,1,15.2
48031,8,4,8.6
48033,8,7,10.6
48035,6,4,13.7
48037,3,2,16.8
48039,1,1,8.6
48041,3,2,20
48043,7,11,13.1
48045,9,12,15
48047,7,9,29.6
48049,5,8,13.7
48051,3,2,13.8
48053,6,4,10.5
48055,1,1,14.4
48057,6,5,14.7
48059,3,2,12.1
48061,2,2,25.5
48063,6,6,16.6
48065,2,2,8.5
48067,6,6,17.3
48069,6,6,15.3
48071,1,1,8.6
48073,6,5,16.5
48075,7,11,21.9
48077,3,2,11.5
48079,9,10,19.5
48081,8,7,13.1
48083,6,6,17.7
48085,1,1,6.1
48087,9,10,19.8
48089,6,4,13.6
48091,1,1,6.7
48093,7,9,13.5
48095,8,6,15.1
48097,6,3,12.7
48099,2,2,11.8
48101,9,12,18.9
48103,6,6,9.6
48105,7,11,13.8
48107,2,2,22.1
48109,9,12,19.7
48111,7,11,11.4
48113,1,1,14
48115,7,8,20.6
48117,6,5,17
48119,8,4,16
48121,1,1,6.5
48123,6,6,17.1
48125,8,7,19.4
48127,6,6,25.3
48129,8,7,16.4
48131,7,9,23.9
48133,6,6,16.7
48135,3,2,12.1
48137,9,12,20.7
48139,1,1,8.7
48141,2,2,18.8
48143,4,3,15.2
48145,2,2,21.6
48147,6,4,13.2
48149,6,4,10.9
48151,8,7,13.3
48153,6,6,17.3
48155,9,10,17
48157,1,1,6.6
48159,7,9,14.4
48161,7,9,15.5
48163,6,4,27.7
48165,7,9,13.2
48167,1,1,11.3
48169,6,6,24.2
48171,7,8,8.5
48173,8,5,7.9
48175,3,2,13.4
48177,6,4,16.2
48179,6,5,14.5
48181,3,2,11.6
48183,3,2,16.5
48185,6,4,15.9
48187,1,1,7.4
48189,4,5,17.9
48191,9,12,25.4
48193,6,6,14.3
48195,7,9,11.7
48197,9,9,19.2
48199,2,2,12.1
48201,1,1,15
48203,4,5,17.8
48205,7,11,8.6
48207,6,6,20.7
48209,1,1,11.2
48211,7,11,9.1
48213,4,3,17.5
48215,2,2,26.9
48217,6,4,13.1
48219,6,5,15.5
48221,1,1,9.2
48223,6,3,14.7
48225,7,9,20.9
48227,4,5,17
48229,2,2,28
48231,1,1,14.8
48233,6,5,11.4
48235,3,2,7.4
48237,6,4,15.6
48239,6,6,13.8
48241,6,6,19.5
48243,9,12,12.7
48245,2,2,16.9
48247,6,6,22.8
48249,4,5,21
48251,1,1,11
48253,3,2,20.4
48255,6,4,21
48257,1,1,9.8
48259,1,1,7.4
48261,9,8,14.2
48263,9,10,11.5
48265,4,3,12.5
48267,7,9,17
48269,9,12,11
48271,7,10,18.9
48273,4,5,23.3
48275,9,12,19.1
48277,5,8,18.4
48279,6,6,18.5
48281,2,2,12.4
48283,6,6,26.6
48285,6,6,11
48287,6,4,10.7
48289,8,7,14.4
48291,1,1,14.4
48293,6,6,19.2
48295,9,12,12.4
48297,8,7,16.5
48299,7,11,10.8
48301,9,12,7.1
48303,2,2,17.9
48305,2,2,16
48307,7,9,17.6
48309,2,2,18
48311,9,12,10.5
48313,6,6,17.8
48315,8,7,21.4
48317,3,2,12.1
48319,9,10,11.7
48321,4,3,17.5
48323,5,8,26.9
48325,1,1,12.2
48327,9,12,20.7
48329,3,2,9.9
48331,6,4,16.3
48333,9,10,13.2
48335,7,9,19.5
48337,6,4,12.9
48339,1,1,8.9
48341,7,8,11.9
48343,6,6,18.1
48345,9,12,17.6
48347,5,8,20.9
48349,4,3,13.4
48351,2,2,22.8
48353,6,5,17.5
48355,2,2,16.5
48357,7,11,11.4
48359,2,2,13.1
48361,2,2,12.5
48363,6,3,17.2
48365,6,6,14.3
48367,1,1,8.2
48369,7,9,11.8
48371,7,11,18.7
48373,6,4,16.7
48375,2,2,20.3
48377,7,11,19.2
48379,8,4,13.4
48381,2,2,9
48383,6,6,8.9
48385,9,10,17.7
48387,6,6,19.6
48389,7,8,22.1
48391,6,6,18
48393,9,10,7.4
48395,3,2,20.7
48397,1,1,4.8
48399,6,6,17.2
48401,3,2,15.4
48403,8,7,17.6
48405,9,10,22.5
48407,8,4,16.8
48409,2,2,14.4
48411,7,9,20.7
48413,8,7,15
48415,7,8,14.7
48417,8,7,12.7
48419,7,9,21.4
48421,9,10,11.1
48423,3,2,12.9
48425,1,1,9.4
48427,4,5,32.5
48429,7,11,17
48431,8,7,10.7
48433,9,12,15.1
48435,7,11,13.1
48437,6,6,20.6
48439,1,1,10.2
48441,3,2,14
48443,9,12,17.5
48445,6,6,21.6
48447,9,12,13.9
48449,7,8,16.3
48451,3,2,12.9
48453,1,1,10.8
48455,7,8,17.9
48457,6,6,17.2
48459,3,2,14.9
48461,8,7,13.8
48463,6,3,19.8
48465,5,8,20.8
48467,6,4,13.6
48469,3,2,14.3
48471,4,3,21.4
48473,1,1,13.2
48475,6,6,12.4
48477,6,3,10.6
48479,2,2,20.9
48481,4,3,16.4
48483,9,10,11.6
48485,3,2,13.9
48487,6,5,14.9
48489,6,5,30.5
48491,1,1,5.4
48493,1,1,8.3
48495,6,6,12.5
48497,1,1,8.3
48499,6,6,14.3
48501,7,9,10.6
48503,7,11,13.6
48505,6,5,30.1
48507,7,9,29.6
49001,7,9,8.9
49003,2,2,7.5
49005,3,2,13.1
49007,7,8,16.4
49009,9,10,6.7
49011,2,2,5.5
49013,7,9,14.2
49015,7,10,10.9
49017,9,12,9.4
49019,7,11,12.2
49021,4,5,13.1
49023,2,2,9
49025,6,6,9.4
49027,7,11,11.8
49029,2,2,4
49031,9,12,15.7
49033,8,7,9.3
49035,1,1,9
49037,7,9,21.9
49039,6,6,13.1
49041,7,11,12.1
49043,4,3,4.7
49045,1,1,5.3
49047,7,8,11.1
49049,2,2,9.7
49051,6,3,5
49053,3,2,9.5
49055,9,12,11.8
49057,2,2,6.9
50001,6,6,7.9
50003,6,5,10
50005,7,9,12.3
50007,3,2,10.5
50009,9,8,14.8
50011,3,2,9.6
50013,3,2,8.1
50015,8,7,9.1
50017,9,8,9.4
50019,7,11,12.7
50021,4,5,10.8
50023,4,5,8.4
50025,7,9,11.6
50027,7,8,9.2
51001,8,6,16.4
51003,3,2,6.7
51005,6,6,11.5
51007,1,1,9.3
51009,2,2,12
51011,2,2,12.6
51013,1,1,7.6
51015,3,2,7.3
51017,8,7,9.9
51019,2,2,8.6
51021,8,7,13.4
51023,2,2,5.7
51025,6,4,20.9
51027,9,10,21.7
51029,3,2,16.8
51031,2,2,10.8
51033,1,1,9.6
51035,7,9,13.9
51036,1,1,12.5
51037,8,7,19.3
51041,1,1,6.6
51043,1,1,6.3
51045,2,2,11.2
51047,1,1,9.2
51049,8,4,13.8
51051,9,8,24.2
51053,1,1,10.7
51057,6,4,16.2
51059,1,1,6
51061,1,1,6.1
51063,3,2,11.4
51065,3,2,7.3
51067,2,2,11.5
51069,3,2,6.5
51071,3,2,11.4
51073,1,1,8.6
51075,1,1,6.2
51077,9,12,18.8
51079,3,2,7.6
51081,6,4,24.5
51083,6,6,17.1
51085,1,1,5.1
51087,1,1,8.7
51089,4,5,14.6
51091,8,7,12.4
51093,1,1,9.1
51095,1,1,5.8
51097,8,4,11.7
51099,6,4,5.9
51101,1,1,6.9
51103,9,12,13.3
51105,8,7,27.1
51107,1,1,3.1
51109,8,4,9.5
51111,9,12,19.2
51113,8,4,9.3
51115,1,1,8.8
51117,7,9,17.3
51119,8,4,13.8
51121,3,2,20.5
51125,3,2,11.8
51127,1,1,5
51131,8,4,18.1
51133,9,12,12.7
51135,6,4,21.5
51137,6,4,9.7
51139,6,4,11.3
51141,8,7,15.5
51143,4,5,15.1
51145,1,1,5.4
51147,6,4,20.6
51149,1,1,8.3
51153,1,1,6.1
51155,3,2,14.6
51157,1,1,8.5
51159,9,12,17.8
51161,2,2,6.5
51163,6,6,11.5
51165,3,2,8.1
51167,7,9,20
51169,2,2,14.8
51171,6,4,10.3
51173,7,11,16.5
51175,6,4,13.3
51177,1,1,6.6
51179,1,1,5.4
51181,8,4,11.9
51183,1,1,21.6
51185,5,8,21.7
51187,1,1,9.7
51191,2,2,12.3
51193,6,4,15.9
51195,7,8,20.4
51197,6,6,12.8
51199,1,1,5.1
51510,1,1,8.6
51520,2,2,21.8
51530,6,6,17.2
51540,3,2,22.1
51550,1,1,8.3
51570,1,1,9.4
51580,6,6,14.5
51590,4,5,23.5
51595,6,4,20.5
51600,1,1,7.1
51610,1,1,3.5
51620,6,4,19.2
51630,1,1,16.9
51640,7,9,19
51650,1,1,13.8
51660,3,2,24.9
51670,1,1,19.3
51678,6,6,22.9
51680,2,2,16.8
51683,1,1,7.4
51685,1,1,6.3
51690,4,5,19.5
51700,1,1,15.1
51710,1,1,19
51720,7,8,19.3
51730,1,1,21.6
51735,1,1,5.3
51740,1,1,18.5
51750,3,2,30.5
51760,1,1,19.2
51770,2,2,19.5
51775,2,2,9.4
51790,3,2,11.3
51800,1,1,9.8
51810,1,1,7.3
51820,3,2,12.3
51830,1,1,18.2
51840,3,2,13.3
53001,6,5,16.8
53003,3,2,13.8
53005,2,2,10.6
53007,3,2,12.2
53009,5,8,11.2
53011,1,1,9.2
53013,3,2,12.3
53015,3,2,12.6
53017,3,2,10.9
53019,9,12,18
53021,2,2,13.5
53023,8,7,12.9
53025,5,8,13.9
53027,4,5,13.1
53029,4,3,7.3
53031,6,6,12.6
53033,1,1,7.7
53035,2,2,7.5
53037,4,3,14
53039,6,4,13.5
53041,4,3,12.2
53043,8,7,9.1
53045,4,3,12.8
53047,6,6,16.4
53049,7,9,13.5
53051,2,2,16.1
53053,1,1,9.4
53055,9,12,8.1
53057,3,2,11.2
53059,1,1,10.4
53061,1,1,7
53063,2,2,12.9
53065,2,2,14.9
53067,2,2,9.1
53069,8,4,10.8
53071,3,2,12.7
53073,3,2,12.7
53075,4,5,26.3
53077,3,2,16.7
54001,6,6,18.4
54003,2,2,11
54005,3,2,18.9
54007,8,7,18.3
54009,3,2,12
54011,2,2,18.5
54013,8,7,21.6
54015,3,2,22.5
54017,9,8,18.8
54019,3,2,20.6
54021,7,10,25.5
54023,7,12,13.2
54025,6,6,17.2
54027,3,2,14.6
54029,3,2,12.5
54031,6,6,14.2
54033,5,8,11.1
54035,6,6,16.7
54037,1,1,9.9
54039,3,2,16.3
54041,7,9,19.5
54043,2,2,19.7
54045,6,5,21.9
54047,7,10,33.8
54049,4,5,14.6
54051,3,2,13.7
54053,6,5,15.5
54055,4,5,18.7
54057,3,2,12.5
54059,7,9,27.3
54061,3,2,19.1
54063,8,7,15.7
54065,8,7,10.5
54067,6,6,18.8
54069,3,2,14.1
54071,8,7,13.5
54073,6,7,13
54075,9,10,16.1
54077,3,2,14.3
54079,2,2,8.9
54081,3,2,17.4
54083,7,8,16.8
54085,8,7,17.9
54087,6,7,19.4
54089,6,6,23.5
54091,6,5,16.7
54093,8,7,15.3
54095,9,9,15.4
54097,7,9,17.5
54099,2,2,19.6
54101,9,12,21.8
54103,6,6,16.3
54105,3,2,17.5
54107,3,2,14.1
54109,6,7,22.9
55001,8,6,11.6
55003,7,11,17.8
55005,6,6,8.9
55007,8,6,10.3
55009,2,2,9.9
55011,8,6,9.5
55013,8,4,12.6
55015,3,2,5.4
55017,3,2,8.8
55019,6,6,13.5
55021,2,2,6.7
55023,7,9,11.6
55025,2,2,9.4
55027,4,3,8
55029,6,6,9.3
55031,2,2,11.5
55033,6,3,11.7
55035,3,2,10.6
55037,9,8,10.9
55039,3,2,7.3
55041,9,12,16.3
55043,6,5,13.4
55045,2,2,6.4
55047,6,6,11.7
55049,2,2,9.5
55051,9,12,12.7
55053,6,6,12.4
55055,4,3,7.1
55057,7,9,13.4
55059,1,1,9.8
55061,2,2,7.4
55063,3,2,11.8
55065,8,7,11.3
55067,6,6,13
55069,6,5,9.1
55071,4,5,8.8
55073,3,2,8.2
55075,6,5,11.5
55077,8,7,10
55078,8,5,25.3
55079,1,1,16.9
55081,6,6,10.9
55083,2,2,9.3
55085,7,9,8.9
55087,3,2,7.1
55089,1,1,4.5
55091,8,4,9
55093,1,1,9.8
55095,6,4,8.6
55097,4,5,11.8
55099,9,12,14.9
55101,3,2,12.4
55103,6,6,12.5
55105,3,2,12.3
55107,6,6,12.3
55109,1,1,5.9
55111,4,5,10.2
55113,7,12,12.7
55115,6,5,9.6
55117,3,2,8.1
55119,6,6,9.7
55121,6,6,8.9
55123,6,6,14.1
55125,9,12,11.2
55127,4,3,9.5
55129,7,11,12.8
55131,1,1,5.1
55133,1,1,4.7
55135,6,6,8.8
55137,6,6,12.4
55139,3,2,9.7
55141,4,5,10.7
56001,4,5,16
56003,9,12,12.1
56005,5,8,7.7
56007,7,9,11.7
56009,6,6,9.2
56011,9,10,8
56013,7,8,12.9
56015,7,9,13
56017,7,9,10.9
56019,7,9,9
56021,3,2,9.5
56023,7,9,7
56025,3,2,9.9
56027,9,12,15.1
56029,7,11,10.3
56031,7,11,11.5
56033,7,8,8.5
56035,9,10,7.2
56037,5,8,8.3
56039,7,8,6
56041,7,8,8.5
56043,7,11,11.1
56045,7,9,10.5